title;datetime;partner;excerpt;text
Em atualização PJ faz buscas em todo o país por suspeita de tráfico de diamantes, ouro e droga em missões portuguesas da ONU. Já foram feitas mais de 10 detenções;8 nov 2021 08:57;MadreMedia;A investigação da Unidade Nacional de Combate à Corrupção da Polícia Judiciária, que visa membros dos Comandos e ex-Comandos, está a ser liderada pelo juiz Carlos Alexandre.;"A Polícia Judiciária está a efetuar mais de 100 buscas de norte a sul de Portugal, numa operação que envolve mais de 200 inspetores e que investiga suspeitas de tráfico de diamantes, de ouro e droga por parte de militares portugueses, entre os quais estarão comandos e ex-comandos, durante missões portuguesas ao abrigo da ONU, noticia a TVI.Segundo o canal, estes membros destacados do exército montaram um esquema criminoso para transportar da República Centro Africana, um país em guerra e onde Portugal está presente desde 2016, para a Europa estes produtos em aviões militares em que a carga não era fiscalizada.De acordo com vários órgãos de comunicação social, estão a ser cumpridos, pelo menos, 10 mandados de detenção em Lisboa, Porto, Bragança e Vila Real. A investigação foi aberta há mais de um ano no Departamento de Investigação e Ação Penal de Lisboa.Um dos locais que está a ser alvo de buscas é o o regimento de Comandos, no quartel da Carregueira, em Sintra, que seria a base dos principais suspeitos deste esquema, que dura há vários anos.Portugal era utilizado como entrada dos produtos traficados na Europa. Por exemplo, em relação aos diamantes, depois de chegados a território luso eram transportados para a Antuérpia e Bélgica, onde eram depois vendidos. Esta segunda parte do esquema leva também a que as autoridades também estejam a investigar o crime de branqueamento de capitais, feito com recurso à compra de bitcoins, uma moeda virtual sem controlo das autoridades financeiras. Segundo o Público, os militares chegavam a receber 50% do valor. A operação de investigação teve início em 2020.A investigação é da Unidade Nacional de Combate à Corrupção da PJ e está a ser liderada pelo juiz Carlos Alexandre.A extração de pedras preciosas, como é o caso dos diamantes, na RCA é muitas vezes feita com recurso a trabalho forçado de crianças.Investigações são muito importantes para credibilidade das instituições militaresO secretário de Estado Adjunto e da Defesa Nacional afirmou hoje que “as investigações são muito importantes” para a credibilidade das instituições militares, ao comentar a operação que visa militares por alegado envolvimento em tráfico de diamantes e ouro.“Como é evidente, vivendo nós num Estado de direito e existindo separação de poderes, estas questões devem ser investigadas de uma forma absolutamente clara, para defender o interesse público, e, portanto, desse ponto de vista, nós observamos com toda a atenção no Governo como é que estas investigações estão a ser feitas, porque elas são muito importantes, nomeadamente para mantermos com toda a credibilidade e com todo o bom-nome todas as instituições militares”, disse aos jornalistas Jorge Seguro Sanches, na Marinha Grande, distrito de Leiria.Reconhecendo que, “por vezes, em todas as organizações, poder haver uma situação menos clara ou outra”, o secretário de Estado salientou que é “nessas situações que as autoridades devem investigar”.Jorge Seguro Sanches garantiu que, “logo que houve algumas suspeitas sobre esta situação, os órgãos próprios passaram a fazer essa investigação e este resultado está agora a funcionar”, referindo desconhecer dados mais específicos sobre a operação policial em curso.O governando adiantou que, “neste âmbito, existe uma estrutura que é Polícia Judiciária Militar que, desde o início, está envolvida, precisamente na investigação destas situações”.“Aquilo que nós observamos é, com toda a tranquilidade, as instituições a funcionar, a esclarecer aquilo que têm de esclarecer e a atuar se for caso disso nesta situação”, considerou Segundo o secretário de Estado Adjunto e da Defesa Nacional.Questionado se esta situação afeta a imagem das Forças Armadas e de Portugal, Jorge Seguro Sanches respondeu: “Não, não afeta. Se houver alguma situação que deva ser esclarecida, ela tem de ser esclarecida.Se não fosse esclarecida, é que poderia afetar”.“A perspetiva é esta, sempre que houver que atuar, devemos atuar e dessa forma, com certeza absoluta, que as instituições ficam salvaguardas. E por isso é que é tão importante que os órgãos num Estado de direito funcionem na medida em que o devam fazer”, acrescentou. Buscas a comandos por suspeita de tráfico não afetam imagem do país, diz Santos SilvaO ministro dos Negócios Estrangeiros, Augusto Santos Silva, disse hoje que a imagem de Portugal não sai afetada por causa de buscas ao Regimento de Comandos por suspeitas de tráfico de diamantes em missões militares noutros países.“Não afeta a nossa imagem internacional. Se as autoridades judiciais entendem que há indícios que exigem investigações, essas investigações devem ser feitas. Vigora o princípio da separação dos poderes. não tenho nada a dizer sobre investigações em curso"", disse Augusto Santos Silva.O ministro disse aos jornalistas, à margem de uma conferência do AICEP (Agência para o Investimento e Comércio Externo de Portugal), em Coimbra, que “não trata indícios como se fossem factos apurados"".“O que digo é que a imagem internacional de Portugal muito beneficia do facto de, como gostamos de dizer, sermos um contribuinte líquido para a segurança internacional e o facto de em particular nas missões da paz das Nações Unidas ou da NATO ou das missões da União Europeia o papel desempenhado pelos militares portugueses ser unanimemente reconhecido”, sublinhou.Augusto Santos Silva destacou a sua experiência enquanto ministro da Defesa e agora como ministro dos Negócios Estrangeiros, sublinhando que não ouviu de nenhum interlocutor internacional que fale sobre as missões de Portugal que não fosse um “pedido para que continuemos a reforçar a nossa presença”.";[];https://24.sapo.pt/atualidade/artigos/pj-faz-mais-de-100-buscas-em-todo-o-pais-por-suspeita-de-trafico-de-diamantes-ouro-e-droga-em-missoes-portuguesas-da-onu
Quantidade e qualidade das refeições escolares motivam queixas. Ministério recebeu cerca de 3000 desde 2017;8 nov 2021 08:50;MadreMedia;Nos últimos cinco anos, o Ministério da Educação (ME) recebeu cerca de 3000 queixas relacionadas com as refeições escolares e a ASAE suspendeu o funcionamento de sete cantinas escolares, tendo instaurado dez processos-crime.;"Os números são avançados esta segunda-feira pelo jornal Público e dizem respeito aos últimos cinco anos.O Ministério da Educação não detalhou quantas reclamações foram recebidas em cada ano, pelo que, sublinha a publicação, não se consegue perceber se houve uma tendência crescente ou decrescente das queixas.No entanto, o ministério liderado por Tiago Brandão Rodrigues adianta que receberam “a nível nacional, nos últimos cinco anos, cerca de três mil, sendo mais frequentes queixas relativas à quantidade e à qualidade dos produtos e ao rácio de pessoal afeto aos refeitórios escolares"".Já a ASAE, entre 2017 e meados de setembro passado, recebeu 756 reclamações e denúncias em matérias relacionadas com acondicionamento, conservação e transporte de alimento ou falta de higiene.Durante o mesmo período temporal, a Autoridade de Segurança Alimentar e Económica fiscalizou 913 estabelecimentos de ensino (devido à situação pandémica, a maioria das ações decorreu entre 2017 e 2019), tendo sido instaurados 165 processos de contra-ordenação (dos quais 97 foram já concluídos ao nível da sua instrução), e aplicadas coimas no valor global de mais de 48 mil euros.Entre as principais infrações, enumera a ASAE ao Público, destacam-se a inexistência de processo ou processos baseados nos princípios do HACCP (Análise de Perigos e Controlo de Pontos Críticos), a não atualização dos documentos que descrevem o processo ou processos baseados neste e o incumprimento dos requisitos gerais e específicos de higiene.A autoridade responsável por controlar a segurança alimentar acrescenta que no mesmo período foram ainda instaurados dez processos-crime por géneros alimentícios deteriorados e corrupção de substâncias alimentares, ""tendo sido levantada a suspensão provisória determinada aos estabelecimentos (sete) depois de repostas as condições necessárias ao seu funcionamento”.";[];https://24.sapo.pt/atualidade/artigos/quantidade-e-qualidade-das-refeicoes-escolares-motivam-queixas-ministerio-recebeu-cerca-de-3000-desde-2017
Investigadores da Universidade do Porto vão desenvolver ferramenta para prever risco de doentes com cancro da mama desenvolverem metásteses;8 nov 2021 11:48;MadreMedia / Lusa;Investigadores do Instituto de Investigação e Inovação em Saúde (i3S) da Universidade do Porto vão desenvolver uma ferramenta “inovadora” para identificar biomarcadores que permitam prever precocemente o risco de desenvolvimento de metástases em doentes com cancro da mama.;Em comunicado, o instituto da Universidade do Porto revela hoje que o projeto, intitulado “Secretoma Tumoral”, visa conseguir “prever precocemente o risco de desenvolvimento de metástases, para controlar melhor a doença e encontrar terapias personalizadas”.Liderado pela investigadora Ana Sofia Ribeiro, o projeto conquistou o Prémio de Investigação Liga Inovação, promovido pelo Núcleo Regional do Norte da Liga Portuguesa Contra o Cancro, em colaboração com a Bioportugal, no valor de cinco mil euros.“Existe uma necessidade clínica urgente de prever o risco e o local de metastização em doentes oncológicos, visto que o desenvolvimento da doença metastática contribui substancialmente para uma maior taxa de mortalidade”, observa o i3S.Nos últimos dois anos, os investigadores do grupo ‘Cancer Metastasis’ do i3S, tem-se debruçado na análise do secretoma (tudo o que é libertado pelas células para o sangue) das células tumorais para identificar, de forma precoce, “doentes com maior probabilidade de desenvolverem cancro de mama metastático”.Citada no comunicado, a investigadora Ana Sofia Ribeiro salienta que foi verificada a existência de uma “grande falta de modelos/ferramentas experimentais para estudar o secretoma tumoral”, sendo o principal objetivo deste projeto o desenvolvimento de uma “plataforma de secretoma tumoral de doentes oncológicos”.“Para isso vamos utilizar organoides de tumores da mama, criados a partir de amostras de doentes oncológicos, e criar uma ferramenta clínica inovadora para a gestão da doença metastática”, esclarece.De acordo com a investigadora, os organoides tumorais permitem mimetizar as características do tumor e “representam um excelente modelo pré-clínico”, ainda que nunca tenha sido explorado o uso do secretoma tumoral.“Até à data nunca foi explorado o uso do secretoma tumoral, obtido de a partir destes organoides tumorais, para identificar biomarcadores de prognóstico e preditivos da doença metastática. É precisamente isso que pretendemos desenvolver com este projeto”, refere, acrescentando que a abordagem constituirá um “recurso a longo prazo” para a investigação básica e clínica.O intuito do projeto, resultado da cooperação entre o i3S e o IPO-Porto no âmbito do Porto Comprenhensive Cancer Center, é “abrir caminho” para a definição de terapêuticas dirigidas e com “maior potencial” de controlo clínico da doença.;['Saúde'];https://24.sapo.pt/atualidade/artigos/investigadores-da-universidade-do-porto-vao-desenvolver-ferramenta-para-prever-risco-de-doentes-com-cancro-da-mama-desenvolverem-metasteses
Movimento Não às Minas - Montalegre diz que Governo ignora vontade das populações;8 nov 2021 11:14;MadreMedia / Lusa;"O Movimento Não às Minas -- Montalegre acusou hoje o Governo de ignorar as ""graves consequências"" de uma eventual exploração mineira a céu aberto na zona da Borralha e ""violar os direitos e vontade"" das populações.";O contrato de concessão para a exploração de volfrâmio e de outros minerais na Borralha, no concelho de Montalegre, distrito de Vila Real, foi assinado a 28 de outubro e tem como outorgantes o Estado português, através da Direção-Geral de Energia e Geologia, e a Minerália — Minas, Geotecnia e Construções, Lda.Este foi um dos vários contratos assinados no mesmo dia com vista à exploração mineira e prospeção e pesquisa, bem como adendas a contratos, em várias zonas do país.“Inexplicavelmente, o Governo continua a ignorar as graves consequências de uma eventual exploração mineira a céu aberto, uma das indústrias mais poluentes do mundo, numa região rica em biodiversidade, património histórico e cultural”, afirmou em comunicado o Movimento Não às Minas — Montalegre.Para os opositores às minas, “além de violar os direitos e vontade das populações é feito com uma enorme irresponsabilidade”.O movimento questionou ainda “por que motivo as participações das populações, das associações e dos baldios, num total de 154 participações no portal ‘participa.pt’, centenas enviadas por via postal e mais de mil por e-mail, de abaixo-assinados com cerca de 1.600 assinaturas, não foram tidas em consideração e não foram tornadas públicas, antes da assinatura deste contrato de exploração”.“Perguntamos se esta e outras discussões públicas servem apenas para cumprir um formalismo legal. Por mais válidos que sejam os contributos e os argumentos apresentados nas contestações, os processos avançam como se os mesmos não tivessem existido”, salientou a organização.A 08 de agosto foi também realizada uma marcha lenta de protesto contra as minas no Barroso, em tratores, carros e motos, que atravessou aldeias que poderão vir a ser afetadas pela exploração de volfrâmio projetada para a Borralha.O movimento alertou novamente para “a incompatibilidade da mineração, seja de lítio, volfrâmio ou qualquer outro mineral, com a classificação desta região como Património Agrícola Mundial e Reserva da Biosfera”.A Minerália, empresa com sede em Braga e que desenvolveu trabalhos de prospeção na Borralha desde 2012, requereu a celebração do contrato de concessão mineira da Borralha e já disse que pretende reaproveitar parte da área da brecha de Santa Helena, uma das várias que existiam naquele antigo couto mineiro.As minas da Borralha, na freguesia de Salto, no concelho de Montalegre e distrito de Vila Real, abriram em 1902, encerraram em 1986 e chegaram a ser um dos principais centros mineiros de exploração de volfrâmio em Portugal.O contrato agora assinado refere-se à exploração de “tungsténio (volfrâmio), estanho, molibdénio e outros minerais associados”.“Todavia, o pedido de assinatura de contrato publicado em Diário da República, em 04 de março de 2021, que abriu o período de discussão da consulta pública, referia apenas três minerais (tungsténio, estanho e molibdénio). Pelo exposto, é com alguma estranheza que no recente contrato, assinado a 28 de outubro, se acrescentem outros ‘minerais associados’. Esta alteração estará dentro da legalidade?”, questionaram os opositores às minas.O Movimento Não às Minas — Montalegre apontou ainda o ‘timing’ escolhido pelo Governo, através da DGEG, para a “assinatura de 14 contratos (nove contratos e cinco adendas a contratos) para prospeção, pesquisa e exploração de recursos minerais, um dia após o chumbo do Orçamento de Estado para 2022”.“Qual a urgência? A pressa com que estes contratos foram assinados poderá gerar algumas desconfianças. Apesar de, em nosso entender, não se tratar de uma ilegalidade, poderemos estar perante uma decisão questionável do ponto de vista da legitimidade democrática e do respeito pelo meio ambiente e pela vontade das populações”, sublinhou.;['Ambiente', 'Montalegre'];https://24.sapo.pt/atualidade/artigos/movimento-nao-as-minas-montalegre-diz-que-governo-ignora-vontade-das-populacoes
Prisão preventiva para suspeito de pornografia de menores detido em Faro;8 nov 2021 11:14;MadreMedia / Lusa;O Tribunal de Faro ordenou a prisão preventiva de um homem suspeito do crime de pornografia de menores, detido na quinta-feira no âmbito de uma investigação iniciada após um alerta internacional, foi hoje divulgado.;Na altura da detenção, o homem, de 36 anos, “possuía no seu telemóvel cerca de 2.000 ficheiros informáticos de fotografias e vídeos de pornografia de menores”, lê-se num comunicado publicado no ‘site’ do Ministério Público (MP) de Faro.Segundo o MP, desde julho de 2019 que o homem “utilizava o computador do emprego e o particular para fazer ‘download’ e partilhar fotografias de crianças de ambos os sexos, exibindo os órgãos genitais e em situações de coito vaginal e anal com outros menores”.Depois de ter sido detido com base em mandados de detenção, o arguido foi presente a tribunal, que ordenou a sua prisão preventiva, a medida de coação mais grave.O homem foi detido pela Diretoria do Sul da Polícia Judiciária (PJ) ao abrigo de uma investigação iniciada após um alerta internacional recebido em 2019.O suspeito foi “detido em flagrante delito” na sequência de “várias” buscas realizadas no concelho de Faro, na zona de Estoi, precisou à Lusa fonte da PJ.Nas buscas realizadas foram encontradas “na posse do arguido múltiplas imagens de pornografia envolvendo menores”, crimes pelo qual o detido fora “já condenado anteriormente”.;['Justiça', 'Faro'];https://24.sapo.pt/atualidade/artigos/prisao-preventiva-para-suspeito-de-pornografia-de-menores-detido-em-faro
Saúde. Estudo com doentes com dor crónica mostra que 51% não aderem à terapêutica após um ano;8 nov 2021 11:12;MadreMedia / Lusa;Investigadores da Faculdade de Medicina da Universidade do Porto (FMUP) concluíram, num estudo que envolveu 562 doentes com dor crónica, que um ano após o início do tratamento, 51% das pessoas não aderiram à terapêutica prescrita. ;Em declarações à Lusa, Rute Sampaio, investigadora da FMUP/CINTESIS, revelou hoje que o estudo, distinguido com o Prémio Grunenthal Dor 2020, visava perceber as razões que motivavam a não adesão terapêutica de doentes com dor crónica, tendo por base a perspetiva dos doentes.“Não aderentes não quer dizer que não fazem o tratamento. A não adesão terapêutica implica o seguir determinada recomendação médica, naquela dosagem e frequência, é um processo que se inicia, se implementa e que persiste ao longo do tempo”, esclareceu a investigadora.O estudo envolveu 562 doentes que, acompanhados em cinco unidades de dor crónica do distrito do Porto (Hospital São João, Hospital Santo António, IPO-Porto, Hospital de Gaia e Hospital de Matosinhos), participaram em quatro momentos: numa avaliação inicial, numa avaliação após sete dias, numa avaliação ao fim de seis meses e numa avaliação ao fim de um ano.“Verificámos que ao longo do tempo houve um aumento da não adesão terapêutica”, afirmou Rute Sampaio, revelando que após sete dias da avaliação inicial 37% dos participantes já não tomavam a medicação.O estudo mostrou ainda que ao fim de um ano mais de metade dos participantes (51%) já não aderiam à terapêutica prescrita.“Tentámos perceber se havia alguma associação entre as razões que os doentes davam para a não adesão ao tratamento prescrito com o tipo de fármaco”, observou a investigadora.Depois de uma análise de conteúdo, os investigadores categorização 13 razões para a não adesão terapêutica, na sua maioria de índole intencional.“A maioria da não adesão é intencional e as principais razões apontadas prendiam-se com crenças, a perceção/eficácia, preocupações com efeitos secundários sem os terem, atraso do início da medicação com opioides, alteração da medicação por outros profissionais de saúde e razões económicas”, afirmou.Considerando os resultados obtidos, a investigadora disse ser “muito revelador” o facto de 37% dos participantes não aderirem à terapêutica ao fim de sete dias,“Nos primeiros seis meses é crucial fazer-se uma intervenção nos doentes e perceber o que está a acontecer para o doente não estar a seguir aquele tratamento. Se conseguíssemos fazer isto nos primeiros três e seis meses conseguíamos diminuir muito a não adesão”, observou, acrescentando ser necessário “aprofundar” esta temática.“Há uma diferença entre eficácia e efetividade. Os tratamentos são eficazes no contexto clínico, eles funcionam, mas a efetividade do tratamento é aquilo que não se mede, no dia a dia das pessoas. Os doentes têm de se sentir à vontade para terem toda a informação que pretendem, esclarecer todas as dúvidas e um espaço onde podem transmitir as suas próprias crenças”, considerou.A investigação clínica desenvolvida por Rute Sampaio foi distinguida com o Prémio Grunenthal Dor no valor de 7.500 euros.;['Saúde'];https://24.sapo.pt/atualidade/artigos/saude-estudo-com-doentes-com-dor-cronica-mostra-que-51-nao-aderem-a-terapeutica-apos-um-ano
Dois dos sete militares da Marinha feridos em Cabo Verde já estão em Portugal;8 nov 2021 09:51;MadreMedia / Lusa;Dois dos sete militares da Marinha Portuguesa que sofreram um acidente de viação em Cabo Verde, durante uma visita de lazer, já estão em Lisboa, apresentando um estado de saúde estável, segundo uma nota da Autoridade Marítima Nacional.;Em comunicado, a Marinha Portuguesa adianta que os dois militares foram recebidos pelo Secretário de Estado Adjunto e da Defesa Nacional, Jorge Seguro Sanches, e o Chefe do Estado-Maior da Armada, almirante António Mendes Calado.“Para além dos dois militares que chegaram esta noite a Portugal, os restantes cinco militares da Marinha encontram-se todos estáveis e conscientes. Três já tiveram alta, dois encontram-se ainda em recuperação em unidade hospitalar em Cabo Verde”, é referido ainda na nota.No domingo, o porta-voz do Estado-Maior-General das Forças Armadas (EMGFA), Pedro Serafim, disse à Lusa que dos sete militares, três tiveram alta do Hospital do Mindelo, em São Vicente, dois estão ainda internados no mesmo hospital.Sete militares da Marinha portuguesa sofreram no sábado um acidente de viação na ilha cabo-verdiana de Santo Antão, durante uma visita de lazer, e foram transportados ao Centro de Saúde de Porto Novo.Fonte do comando regional de Santo Antão da Polícia Nacional disse à Lusa no sábado que os sete marinheiros tinham chegado à ilha vizinha de São Vicente no dia 28 de outubro, no âmbito de um programa de cooperação com a Guarda Costeira cabo-verdiana, a bordo do navio hidro-oceanográfico D. Carlos I, da Marinha portuguesa.;['Cabo Verde', 'Marinha'];https://24.sapo.pt/atualidade/artigos/dois-dos-sete-militares-da-marinha-feridos-em-cabo-verde-ja-estao-em-portugal
Covid-19. Taxa de incidência de infeções na Alemanha atinge novo máximo;8 nov 2021 09:17;MadreMedia / Lusa;A taxa de incidência acumulada na Alemanha nos últimos sete dias atingiu hoje um novo máximo desde o início de pandemia, com 201,1 casos de covid-19 por 100.000 habitantes, informou o Instituto Robert Koch.;O pico anterior era de 197,6 contágios por 100 mil habitantes, registado em 22 de dezembro de 2020, em plena segunda vaga da pandemia no país.Nas últimas 24 horas, as autoridades sanitárias alemãs contabilizaram 15.513 novos casos e 33 mortos, elevando o total de casos ativos para 306.000.A taxa de vacinação no país é inferior a 70%, o que levou as autoridades a apelaram à vacinação da população, nos últimos dias.“Para os não vacinados, há um risco elevado de serem infetados nos próximos meses”, advertiu o chefe do Instituto Robert Koch (RKI) de virologia, Lothar Wieler, na semana passada.O estado da Saxónia tem a maior incidência acumulada na Alemanha, com 491,3 novas infeções por 100.000 habitantes, o dobro do resto do país, de acordo com os dados hoje atualizados.Em resposta à nova onda de infeções, as autoridades da Saxónia anunciaram que vão restringir o acesso a restaurantes e eventos em recintos fechados, passando a exigir a partir de hoje apresentação de um certificado de vacinação ou de recuperação da doença.No sábado, milhares de pessoas manifestaram-se em Leipzig, a maior cidade da Saxónia, contra as medidas anunciadas, o que provocou confrontos entre os manifestantes e a polícia, tendo sido detidas 24 pessoas.O estado da Baviera também já anunciou que vai aplicar medidas mais rígidas, devido à elevada taxa de ocupação das unidades de cuidados intensivos.Segundo a informação, passa a ser obrigatório apresentar o resultado de um teste PCR para entrar em determinados espaços e será obrigatório usar máscaras FFP2.O aumento dos casos surge numa altura de incerteza política na Alemanha, desde as eleições parlamentares de setembro.Os partidos que estão a negociar uma nova coligação para formar governo até dezembro excluíram até agora a possibilidade de imporem a vacinação obrigatória.A covid-19 provocou pelo menos 5.042.330 mortes em todo o mundo, entre mais de 249,43 milhões infeções pelo novo coronavírus registadas desde o início da pandemia, segundo o mais recente balanço da agência France-Presse.A doença respiratória é provocada pelo coronavírus SARS-CoV-2, detetado no final de 2019 em Wuhan, cidade do centro da China, e atualmente com variantes identificadas em vários países.;['Alemanha', 'Covid-19'];https://24.sapo.pt/atualidade/artigos/covid-19-taxa-de-incidencia-de-infecoes-na-alemanha-atinge-novo-maximo
Há algumas regiões do Baixo Alentejo e Algarve em seca severa;8 nov 2021 08:02;MadreMedia / Lusa;Portugal continental registou em outubro face ao mês anterior uma diminuição da área em seca meteorológica no Alto Alentejo, mas registou um aumento da intensidade no Baixo Alentejo e Algarve, com alguns locais na classe de seca se;De acordo com o índice meteorológico de seca (PDSI) disponível na página do Instituto Português do Mar e da Atmosfera (IPMA), no final de outubro, 40% de Portugal continental estava em chuva fraca, 31,8% normal, 13,6% em seca fraca, 11, 6% em seca moderada e 3% em seca severa.Em setembro, 48,6% de Portugal continental estava em situação normal, 37,8% em seca fraca, 8,6% em chuva fraca e 5% em seca moderada.O instituto classifica em nove classes o índice meteorológico de seca, que varia entre “chuva extrema” e “seca extrema”.De acordo com o IPMA, existem quatro tipos de seca: meteorológica, agrícola, hidrológica e socioeconómica.A seca meteorológica está diretamente ligada ao défice de precipitação, quando ocorre precipitação abaixo do que é normal.Além do índice de seca, o Boletim Climatológico do IPMA indica que o mês de outubro, em Portugal continental, classificou-se como muito quente e seco em relação à temperatura do ar e normal relativamente à precipitação.O valor médio da temperatura média do ar (17,73 graus Celsius) foi o 6.º mais alto desde 2000 (mais alto em 2017 com 19,57 graus).De acordo com o IPMA, o valor médio de temperatura máxima do ar, 23,69 graus Celsius, foi superior ao valor normal (2,46%), e é o 5.º valor mais alto desde 2000 (mais alto em 2017, com 27,11 graus).Quanto à temperatura mínima, o valor médio do ar (11,77 graus) foi superior ao valor normal em 0,58 graus.O menor valor da temperatura mínima foi registado nos dias 24 e 28 de outubro em Carrazeda de Ansiães, no distrito de Bragança, (0,2 graus) e o maior valor em Mora (Évora) no dia 07 com 34,2 graus.;['IPMA'];https://24.sapo.pt/atualidade/artigos/ha-algumas-regioes-do-baixo-alentejo-e-algarve-em-seca-severa
Câmara do Porto: Vereadora do PS passa a independente por divergências com líder da concelhia;8 nov 2021 07:58;MadreMedia / Lusa;A vereadora da Câmara do Porto Catarina Santos Cunha abandona o grupo de vereadores socialistas, pelo qual foi eleita, e assume o estatuto de independente por divergências com o líder concelhio do PS/Porto, Tiago Barbosa Ribeiro.;“Após profunda ponderação decidi abandonar o grupo de vereadores do PS e manter a minha presença na Câmara Municipal do Porto como vereadora independente, podendo contribuir de forma construtiva e participativa para o futuro da minha cidade, o Porto”, afirmou a vereadora, num comunicado enviado hoje à Lusa.Catarina Santos Cunha, vereadora sem pelouro, era uma dos três vereadores eleitos nas eleições autárquicas de setembro pelo PS, depois do movimento independente “Rui Moreira: Aqui Há Porto” obter 40,72% dos votos e eleger seis vereadores.Por seu turno, o PSD elegeu dois e a CDU e o Bloco de Esquerda um cada.Na missiva, Catarina Santos Cunha revelou que a razão da sua desvinculação prende-se com o modo como Tiago Barbosa Ribeiro, que foi candidato à presidência da autarquia pelo PS nas últimas autárquicas, “tem liderado a oposição na câmara”.“A oposição socialista no Porto não passa de um conjunto de posições “do contra”, que resultam de uma imposição vertical de Tiago Barbosa Ribeiro e da cúpula concelhia do PS/Porto”, afirmou.A atual forma de fazer política do partido está assente na ausência de diálogo e de envolvimento dos vereadores eleitos, referiu.Catarina Santos Cunha considera-se “excluída daquilo em que tentou participar” e que não é bem-vinda por parte de alguns elementos do atual PS/Porto.“Junta-se a estas atitudes uma enorme falta de disponibilidade de Tiago Barbosa Ribeiro, pois está sempre com pressa de ir para Lisboa, que é onde está a sua grande ambição política”, denunciou ainda.A vereadora ressalvou que a postura do atual PS/Porto é “completamente diferente” da anterior vereação liderada pelo eurodeputado Manuel Pizarro, onde era ouvida, acompanhada e incluída nas iniciativas.Ao invés, com Tiago Barbosa Ribeiro “tudo mudou”, considerou, acrescentando sentir que “não passa de um voto útil para os seus lances de afirmação política”.“Foi o caso da última reunião de preparação da primeira reunião de câmara, que veio a ocorrer no dia 25 de novembro, pois percebi que estava complementa e profundamente desalinhada com o grupo de dirigentes que foi convidado a discutir os pontos que iriam a votação. Tudo muito agressivo, pouco construtivo e apenas focado em ser do contra”, vincou.Catarina Santos Cunha condenou ainda o facto de não ter sido ouvida na elaboração do programa de candidatura de Tiago Barbosa Ribeiro.A ver3eadora diz que esta “forma aguerrida, de imposição de uma voz única, pouco positiva de fazer política, voltada para os interesses dos partidos e pouco ou nada preocupada com a cidade e com as pessoas” não é a sua forma de estar, nem aquilo para que se propôs.“Não quero permanecer como um peão ao serviço das decisões de voto avulsas do partido ou das ambições nacionais de um líder político, quero somente trabalhar na defesa e na exigência de um Porto melhor”, concluiu.;['PS', 'Câmara Municipal do Porto'];https://24.sapo.pt/atualidade/artigos/camara-do-porto-vereadora-do-ps-passa-a-independente-por-divergencias-com-lider-da-concelhia
Eurogrupo. João Leão em Bruxelas pela primeira vez desde o chumbo do OE2022;8 nov 2021 07:39;MadreMedia / Lusa;O ministro das Finanças, João Leão, participa hoje numa reunião do Eurogrupo, em Bruxelas, menos de duas semanas após o chumbo do Orçamento do Estado para 2022 (OE2022), matéria que deverá abordar com a Comissão Europeia.;Os projetos de planos orçamentais dos Estados-membros para o próximo ano não constam da agenda nem da reunião de hoje dos ministros das Finanças da zona euro, nem do Conselho de ministros das Finanças da UE (Ecofin) de terça-feira, até porque nesta fase a Comissão está ainda a analisar os ‘esboços’ orçamentais que recebeu em meados de outubro, mas fontes europeias admitiram ser natural que João Leão aproveite a deslocação a Bruxelas para abordar a situação portuguesa com o executivo comunitário.Em 28 de outubro, um dia após a reprovação do OE2022 na Assembleia da República — o que levou o Presidente da República a anunciar, na passada quinta-feira, a dissolução do parlamento e a convocação de eleições legislativas antecipadas para 30 de janeiro do próximo ano -, o vice-presidente executivo Valdis Dombrovskis admitiu que eram necessárias “consultas” com o Governo para decidir o caminho a seguir, uma vez que o projeto orçamental que a Comissão tem em mãos ficou ‘condenado’.“Teremos agora de avaliar a situação com as autoridades portuguesas relativamente ao esboço de plano orçamental para 2022 e decidir como proceder ao certo, no sentido em que precisamos de compreender com as autoridades portuguesas quais são as perspetivas, quão cedo poderá chegar o próximo orçamento”, declarou na ocasião Dombrovskis.Na agenda da reunião de hoje, que tem início às 15:00 locais (14:00 de Lisboa), destaque para uma discussão sobre a escalada dos preços da energia, no quadro dos desenvolvimentos macroeconómicos no espaço da moeda única, estando previsto que os ministros das Finanças debatam também, entre outros assuntos, o euro digital.No Conselho Ecofin de terça-feira, os 27 voltarão a discutir os preços da energia e farão um ponto da situação sobre a execução do mecanismo de recuperação e resiliência.;['Eurogrupo', 'OE2022'];https://24.sapo.pt/atualidade/artigos/eurogrupo-joao-leao-em-bruxelas-pela-primeira-vez-desde-o-chumbo-do-oe2022
Portugal em terceiro lugar de ‘ranking’ internacional sobre políticas de drogas;8 nov 2021 07:25;MadreMedia / Lusa;Portugal ficou em terceiro lugar na primeira edição do Índice Global de Políticas de Drogas, que analisou as estratégias de 30 países a nível mundial face às drogas, numa perspetiva de alinhamento com as diretrizes das Nações Unidas.;"Os 30 países foram avaliados, em 2020, numa escala de 0 a 100, tendo por critérios 75 indicadores que atravessam cinco dimensões específicas delineadas por vários documentos das Nações Unidas: a ausência de sentenças extremas como a pena de morte, a proporcionalidade da justiça criminal em relação à droga, o financiamento e cobertura de intervenções de reduções de danos, a disponibilidade de substâncias controladas a nível internacional para alívio da dor, e desenvolvimento.Portugal ficou no terceiro posto, com 70 pontos, atrás da Noruega (74 pontos) e da Nova Zelândia (71), numa lista que inclui também Moçambique, em 21.º lugar (‘ex aequo’ com Colômbia e Nepal, com 40 pontos), e Brasil, na última posição, com 26 pontos.“Nenhum país deve estar orgulhoso das suas políticas de droga e nenhum país sequer se aproxima da concretização das recomendações baseadas em provas das Nações Unidas. Mesmo o país que encabeça a lista, a Noruega, apenas alcança uma pontuação geral de 74 em 100, e obtém um resultado particularmente pobre na proporcionalidade das respostas da justiça criminal (49 em 100)”, pode ler-se na página do projeto.O índice sublinha “como as políticas de droga têm um impacto desproporcional sobre as pessoas com base no seu género, origem étnica, estatuto socioeconómico e local de residência, com países como Austrália, Brasil, Canadá, Colômbia, Costa Rica, Indonésia, Jamaica, México, Portugal ou o Reino Unido a pontuarem particularmente mal nos indicadores de igualdade”.O Índice Global de Políticas de Drogas (GDPI, na sigla em inglês) é um projeto de um consórcio internacional chamado Redução de Danos, que se define como “uma parceria global de redes comunitárias e da sociedade civil que visam desafiar a ‘guerra contra a droga’ global, que também inclui o Observatório Global de Política de Droga da Universidade de Swansea, no Reino Unido”.O objetivo assumido do projeto assenta na expectativa de que “os governos se vão começar a afastar das respostas repressivas e prejudiciais face às drogas”.“Cinquenta anos depois da escalada da ‘guerra contra as drogas’, políticas punitivas continuam a acarretar danos incomensuráveis à saúde, direitos humanos e desenvolvimento. Ao mesmo tempo, o consenso global sobre a proibição das drogas chegou a um ponto de rutura; o uso de algumas drogas é descriminalizado nalguns países, mas noutros pode levar a detenção imediata, prisão perpétua ou mesmo morte”, pode ler-se na página do índice.O objetivo da organização é que o índice seja bienal.";[];https://24.sapo.pt/atualidade/artigos/portugal-em-terceiro-lugar-de-ranking-internacional-sobre-politicas-de-drogas
Nos últimos cinco anos, aconteceram mais de 500 casamentos com menores;8 nov 2021 07:23;MadreMedia;Número de matrimónios que envolvem menores em 2021 já é superior ao de 2020. Registos preocupam o Governo que deve ainda este ano apresentar propostas à alteração da legislação.;Até ao dia 30 de setembro de 2021, o Ministério da Justiça contabilizou 85 casamentos que envolvem pessoas com menos de 18 anos em Portugal, um número que já é superior ao registado em 2020, ano em que aconteceram 79 matrimónios envolvendo menores de idade, revela esta segunda-feira o Jornal de Notícias.No total, explica o mesmo jornal, foram registados 536 casamentos envolvendo pessoas com menos de 18 anos em Portugal desde 2017, sendo que, neste período, 2019 é o ano com o registo mais elevado, com 135 casamentosOs números preocupam o Governo que tem em curso um grupo de trabalho para a prevenção e o combate aos casamentos infantis, precoces e forçados, que deverá culminar em alterações legislativas com a apresentação de um Livro Branco até ao final do ano.Entre 2015 e o primeiro semestre de 2021, a Procuradoria-Geral da República instaurou 19 inquéritos por casamentos forçados - que é crime público desde 2015.Em Portugal, é possível casar a partir dos 16 anos, com o consentimento dos pais ou a autorização do tribunal.;[];https://24.sapo.pt/atualidade/artigos/nos-ultimos-cinco-anos-aconteceram-mais-de-500-casamentos-com-menores
Revista de imprensa: As vitórias dos três grandes e o aumento de casamentos com menores;8 nov 2021 06:48;MadreMedia / Lusa;"Os principais destaques nos jornais desta segunda-feira, dia 8 de novembro.
";- “Em cinco anos houve 3000 queixas, mas refeições escolares estão a melhorar”- “Cimeira do clima: O mundo de olhos postos em Glasgow numa semana decisiva”- “Futebol: FC Porto e Sporting mantêm liderança da Liga, Benfica goleia”- “Entrevista com Adam Tooze: ‘Esta crise foi um triunfo das políticas keynesianas audazes’”- “Leis do trabalho: Acordo laboral em Espanha, desacordo total em Portugal”- “MotoGP: Oliveira abalroado no dia da vitória de Bagnaia no Algarve”- “Reportagem: ‘O bairro ir abaixo foi como um familiar que morreu.’ Histórias da ‘chaga’ que o Programa Especial de Realojamento abriu”- “Há cada vez menos crianças adotadas e metade das que saem do sistema já tem mais de 18 anos”- “Moita: ‘Houve uma tentativa de boicote. PCP quis esconder informação’, diz novo autarca”- “Relatório: Políticas portuguesas para as drogas no pódio, entre 30 países”- “PSD a votos: Três semanas na estrada e uma diferença fundamental na política de alianças”- “Lítio: Galp prepara novas parcerias para dar vida a investimentos”- “Seis semanas, seis opiniões: Portugueses mais velhos, mas com menos saúde”- “Manuel Maria Carrilho: ‘As gerações futuras vivem numa estranha clandestinidade’”- “Díaz de magia, dias de euforia: Dragões vingam derrota nos Açores com vitória tranquila e dois golos do colombiano”- “Mais de 500 casamentos com menores nos últimos cinco anos”- “Designer alemão de renome mata filho de três anos e suicida-se em Grândola”- “Apoios: Teletrabalho não trava subsídio por assistência”- “Gondomar: Trânsito caótico em Rio Tinto nas ligações ao Porto”- “Algarve: GNR morto em acidente estaria de serviço há 14 horas”- “Sporting: Leões triunfam em Paços (2-0) e mantêm pé no acelerador”- “Monção: Os segredos de um palácio de conto de fadas à venda por 25 milhões”- “Crise económica encarece guardanapos, livros e papel higiénico”- “Energia nuclear, sim ou não? França e China apostam na energia nuclear, que se tornou a convidada ‘inconveniente’ da COP-26 em Glasgow”- “PSD continua ao rubro. Pinto Luz acusa Mota Pinto de parcialidade e de atitudes ‘persecutórias’”- “Entrevista a Filipe Araújo, realizador do filme O Casarão, que conta a história do antigo seminário dominicano de Aldeia Nova, em Alvaiázere. ‘Os seminários serviram de elevador social durante décadas’”- “Montepio. Lista de Pedro Gouveia Alves quer plano estratégico”- “Gripe e covid-19. Após críticas, DGS garante que vacinação vai acelerar”- “Futuro político. Manuel Alegre diz que Costa também tem de olhar à direita”- “Clima. Manifestação junta centenas em Lisboa em semana decisiva”- “Campeonato entra em pausa de 20 dias. ‘Vamos bater uma sorna’”- “Tragédia em Grândola: Caçadores encontram pai e filho mortos”- “Benfica-SC Braga (6-1): Superáguia está de volta”- “P. Ferreira-Sporting (0-2): A festa continua”- “Santa Clara-FC Porto (0-3): Dragão passeia nos Açores”- “Amor trava fuga de mulher de Rendeiro”- “GNR morre após 14 horas a trabalhar”- “Ex-namorada fala de Maddie: Alemão pedófilo no local do crime”- “Covid-19: Mais jovens procuram apoio psicológico”- “Chuva de comissões: Bancos cobram por dia 4,4 milhões de euros aos clientes”- “Recorde desde a troika: Professores correm para a aposentação”- “Lesões cerebrais: Maus-tratos a bebé ficam sem castigo”- “Via Verde vai investir 30 milhões até 2025”- “Conversa Capital, Eugénio Fernandes [CEO da EuroAtlantic]: ‘Tenho dúvidas que a reestruturação da TAP seja aprovada’”- “Recuo do BCE deixa Portugal mais vulnerável do que Espanha”- “Clientes das exportações nacionais não travam com avanço da covid”- “Central a carvão: Pego conta com vários interessados na corrida”- “Hotelaria Alvor Bay à venda a preço de saldo”- “Investidor privado: As melhores ideias da Web Summit para a sua carteira”- “Benfica-SC Braga (6-1): De cebolada: Águia reage a semana quente com goleada à antiga”- “Santa Clara-FC Porto (0-3): Cura para todas as dores”- “P. Ferreira-Sporting (0-2): Leão sorri pelos cantos”- “3 grandes: Vitórias sólidas deixam tudo igual no topo da Liga”- “P. Ferreira-Sporting (0-2): Com a cabeça no lugar”- “Benfica-SP Braga (6-1): Exibição de luxo”- “Santa Clara-FC Porto (0-3): Líder Díaz”- “Lucas com lesão grave”- “Benfica-Braga (6-1): Uma noite copiada ao Bayern”- “Santa Clara-FC Porto (0-3): Festival de bola nas ilhas”- “P. Ferreira-Sporting (0-2): Coates na versão criativa”- “Moto GP: Oliveira saiu de maca no Algarve”- “Andebol: Seleção brilha na Alemanha”- “Tondela-Marítimo (4-2): João Pedro fez ‘hat-trick’ de penáltis”;['Revista de imprensa'];https://24.sapo.pt/atualidade/artigos/revista-de-imprensa-as-vitorias-dos-tres-grandes-e-o-aumento-de-casamentos-com-menores
Cimeira da ONU sobre o clima segue para a última semana com continuação de ações paralelas;8 nov 2021 06:36;MadreMedia / Lusa;A cimeira da ONU sobre o clima que decorre em Glasgow, Reúno Unido, tem hoje o dia mais tranquilo das duas semanas de trabalhos, sendo de preparação para a segunda e última parte do encontro mundial.;Com uma semana para debater temas como a adaptação às alterações climáticas, o papel da mulher na ação climática, a ciência e inovação, a descarbonização dos transportes e as cidades, culminando com o fim das negociações na sexta-feira, hoje o dia é praticamente de descanso, segundo a agenda da presidência da cimeira do clima, a COP26.No entanto o dia é recheado de outros eventos que estão a decorrer paralelamente, protagonizados por jovens, empresas, associações, academias e organizações não-governamentais.Hoje falar-se-á, por exemplo, do papel das jovens migrantes na adaptação às alterações climáticas, das ameaças das alterações climáticas nas ilhas do Oceano Pacífico, do papel da cultura na resiliência climática, ou dos direitos das comunidades vulneráveis na América Latina devido aos impactos das alterações climáticas. São quase duas dezenas de eventos ao longo do dia.Mais de 120 líderes políticos e milhares de especialistas, ativistas e decisores públicos reúnem-se até 12 de novembro, em Glasgow, na Escócia, na 26.ª Conferência das Partes da Convenção-Quadro das Nações Unidas sobre Alterações Climáticas (COP26) para atualizar os contributos dos países para a redução das emissões de gases com efeito de estufa até 2030.A COP26 decorre seis anos após o Acordo de Paris, que estabeleceu como meta limitar o aumento da temperatura média global do planeta a entre 1,5 e 2 graus celsius acima dos valores da época pré-industrial.Apesar dos compromissos assumidos, as concentrações de gases com efeito de estufa atingiram níveis recorde em 2020, mesmo com a desaceleração económica provocada pela pandemia de covid-19, segundo a ONU, que estima que, ao atual ritmo de emissões, as temperaturas serão no final do século superiores em 2,7 ºC.;['Ambiente', 'ONU', 'COP26'];https://24.sapo.pt/atualidade/artigos/cimeira-da-onu-sobre-o-clima-segue-para-a-ultima-semana-com-continuacao-de-acoes-paralelas
Bispos portugueses reúnem-se com a questão dos abusos de menores no seio da Igreja em cima da mesa;8 nov 2021 06:35;MadreMedia / Lusa;Os bispos católicos portugueses reúnem-se em Fátima, a partir de hoje, com a questão dos abusos no seio da Igreja em cima da mesa, sendo dada como certa a criação de um grupo coordenador nacional para tratar do tema.;Como admitiu o secretário da Conferência Episcopal Portuguesa (CEP), padre Manuel Barbosa, em 12 de outubro, a Igreja Católica em Portugal vai avançar com a constituição de uma comissão nacional de coordenação das comissões diocesanas de proteção de menores e adultos vulneráveis.Esta comissão terá como objetivo definir critérios e procedimentos comuns às 21 comissões diocesanas, bem como prestar-lhes apoio, nomeadamente na gestão da informação.A criação de um manual de procedimentos comum a todas as dioceses e organismos da Igreja perante denúncias de abuso sexual será um dos objetivos do grupo coordenador a ser criado na Assembleia Plenária do episcopado, que decorrerá em Fátima até quinta-feira.Alguma expectativa foi entretanto criada em torno da possibilidade de, à semelhança do que aconteceu já noutros países, em Portugal vir a ser também constituída uma comissão independente que investigue a situação dos abusos no seio da Igreja no país.Além da questão da “proteção de menores e adultos vulneráveis”, os bispos portugueses vão debater também, o “itinerário de iniciação à vida cristã com as famílias, crianças e adolescentes”, o sínodo dos bispos que o Papa Francisco abriu em Roma no início de outubro e a Jornada Mundial da Juventude Lisboa 2023.Durante os dias de reunião, haverá ainda um período de formação sobre o Livro VI do Código de Direito Canónico, sob a orientação de D. Juan Ignatio Arrieta, secretário do Conselho Pontifício para a Interpretação dos Textos Legislativos.A Assembleia Plenária da CEP vai ficar marcada também, na quinta-feira, às 08:00, pela celebração pelos bispos, na Capelinha das Aparições do Santuário de Fátima, de uma missa pelas vítimas da pandemia de covid-19.;[];https://24.sapo.pt/atualidade/artigos/bispos-portugueses-reunem-se-com-a-questao-dos-abusos-de-menores-no-seio-da-igreja-em-cima-da-mesa
Trabalhadores da Transtejo cumprem hoje primeiro de cinco dias de greve parcial;8 nov 2021 06:26;MadreMedia / Lusa;A empresa avança que “não é possível garantir o serviço regular de transporte fluvial” durante a realização da greve. Greves parciais começam hoje e duram até sexta-feira.;Os trabalhadores da Transtejo cumprem hoje o primeiro de cinco dias de greve parcial, de três horas por turno, por verem as suas reivindicações ignoradas pela administração da empresa e pelo Governo.De acordo com a Federação dos Sindicatos dos Transportes e Comunicações (Fectrans), os trabalhadores “voltam à luta porque durante quase um ano a administração/Governo ignoraram as reivindicações dos trabalhadores e as soluções que lhes foram apresentadas”.As reivindicações dos trabalhadores são relativas a este ano, e “podem ser suportadas pelos orçamentos da empresa e do Estado”, pelo que a situação entretanto criada pelo chumbo da proposta orçamental e marcação de eleições legislativas “não inviabiliza situações, basta haver vontade do Governo”, refere o sindicato.As greves parciais de três horas por turno iniciam-se esta segunda-feira, dia 8, e prolongam-se até sexta-feira, dia 12.No site da empresa, a Transtejo avança que “não é possível garantir o serviço regular de transporte fluvial” durante a realização da greve, sendo que os terminais e estações vão estar encerrados durante os mesmos períodos “por motivos de segurança”.O detalhe sobre os horários previstos pode ser consultado no 'site' da empresa Transtejo/Soflusa.Os trabalhadores da Transtejo, juntamente com os da Soflusa, fizeram várias greves parciais durante este ano, a última das quais em 21 de setembro, devido a falhas nas negociações salariais entre a administração da empresa e os sindicatos, tendo o Ministério do Ambiente reunido igualmente com os sindicatos na tentativa de desbloquear a situação.A Transtejo assegura as ligações fluviais entre o Seixal, Montijo, Cacilhas e Trafaria/Porto Brandão, no distrito de Setúbal, e Lisboa, enquanto a Soflusa é responsável por ligar o Barreiro à capital.;['Transtejo'];https://24.sapo.pt/atualidade/artigos/trabalhadores-da-transtejo-cumprem-hoje-primeiro-de-cinco-dias-de-greve-parcial
"“Se não fizemos nada, eles vão provavelmente desaparecer"". Francês cria em Cabo Verde primeiro refúgio para proteger macacos";8 nov 2021 06:07;MadreMedia / Lusa;Um francês de 57 anos, metade da vida ligado à cooperação e assistência humanitária, abraçou em Cabo Verde a proteção dos macacos com um refúgio, e já sonha com a criação de uma reserva protegida, para assegurar a continuidade da espécie.;“Se não fizemos nada pelos macacos em Cabo Verde, eles vão provavelmente desaparecer daqui a pouco tempo”, desabafa à Lusa Gricha Lepointe, gerente do ‘Morgana Ecolodge’, espaço que inaugurou em agosto passado em Calheta de São Miguel, ilha de Santiago, onde funciona o único refúgio do macaco verde no arquipélago.Os macacos chegaram a Santiago com os primeiros colonizadores, a partir do continente africano, e tornaram-se uma espécie endémica. Contudo, o conflito com os agricultores, com o constante crescimento das áreas de cultivo, está a ameaçar a sobrevivência do macaco verde.“O meu sonho era ver os macacos soltos, numa reserva, felizes, com toda a segurança necessária. Poder dizer às crianças, hoje, que vão continuar a ver os macacos aqui em Cabo Verde, porque o macaco faz parte da biodiversidade (…) Se continuarmos a matar os macacos, a negligenciar os macacos, se não houver um projeto de proteção, eles vão desaparecer, pouco a pouco. Isso é já um fenómeno observado internacionalmente”, lamenta o francês, em Cabo Verde desde 2013, onde trabalhou na Cooperação Luxemburguesa, desenvolvendo projetos nas áreas da saúde, água e saneamento ou energias renováveis.“Trabalhei mais de 25 anos na área da cooperação e assistência humanitária. Senti a necessidade de fazer uma contribuição para o meio ambiente. Estou, como muitas mais pessoas em todo o mundo, mais preocupado com a situação do meio ambiente e queria fazer a minha contribuição. Então tentei organizar um projeto que combine uma necessidade económica, um negócio, mas também com um aspeto forte no meio ambiente”, explicou.Daí surgiu, em Calheta de São Miguel, a cerca de 40 minutos de viagem da cidade da Prai, o “Morgana Ecolodge” – espaço anteriormente conhecido como “Vila Morgana”, totalmente reabilitado -, que agora promove a experiência de ecoturismo com a preservação da biodiversidade, disponibilizando em 17 bangalôs, num total de 20 quartos, além de discoteca, piscina e restaurante, entre outras valências que já empregam 11 trabalhadores locais.É também no mesmo espaço, inserido na paisagem local, junto ao mar, que já funciona o refúgio de macacos, atualmente com cinco animais em recuperação, incluindo três crias.“O primeiro objetivo é dar uma assistência imediata aos macacos feridos, órfãos, abandonados. Para dar essa assistência criamos o refúgio no ‘Morgana Ecolodge’. É o primeiro refúgio para macacos aqui em Cabo Verde, é a primeira fase do projeto”, conta, explicando que em simultâneo avançou, em março, com a criação da primeira associação dedicada à proteção dos macacos.Ali nasceu a Associação Santuário dos Macacos de Cabo Verde, que além do apoio ao funcionamento do refúgio está em fase de mobilização de fundos para reforçar a capacidade de intervenção: “Recebemos já muitas chamadas de pessoas na Praia para ir apanhar os macacos que estão soltos na cidade, que se escaparam das casas. Infelizmente, até agora não temos a capacidade técnica e logística para fazer isso. Mas tudo isso faz parte deste projeto”.Há sete anos que Gricha Lepointe cuida do seu macaco em Cabo Verde, uma relação que o fez despertar para a realidade do arquipélago, pouco voltado para essa preservação ou mesmo para potenciar a presença da espécie, turisticamente.“Os macacos são considerados predadores e os agricultores têm muitos problemas com os macacos. A realidade é que os macacos provocam muitos danos nas zonas agrícolas, que procuram para comida. A única resposta que existe hoje para este problema é matar os macacos”, lamentou, observando: “Temos primeiro de resolver o conflito que existe entre os agricultores e os macacos. Infelizmente, o território deles reduz-se e todos os anos e eles vão procurar comida às zonas agrícolas, criando problemas com os agricultores”.Além disso, reconhece que “existe um mercado” de venda de crias, que leva à morte dos adultos na sua caça, mas que quando crescem são abandonadas, pela necessidade de espaço que têm.Há sete anos, ao entrar na realidade dos macacos em Cabo Verde, Gricha Lepointe começou por tentar obter informação, mas sem muito sucesso.“Vi que não havia muita informação sobre o macaco em Cabo Verde. Ao mesmo tempo, comecei uma reflexão sobre o turismo alternativo, sobre o turismo sustentável, que é um turismo não muito desenvolvido aqui em Cabo Verde”, recorda.Ao avançar com o “Morgana Ecolodge”, decidiu “integrar a proteção dos macacos”, cujo primeiro passo foi o refúgio e que passa ainda por impulsionar a criação de uma reserva protegida para os macacos na ilha de Santiago.“Na segunda fase é possível pensar na reintegração dos macacos num espaço dedicado. Infelizmente, aqui em Cabo Verde, não existe ainda uma reserva natural, um espaço especial reservado para os macacos. Se fosse o caso, poderíamos pensar em fazer uma reintegração dos macacos. Mas não podemos reintegrar um macaco, temos de reintegrar um grupo”, assume.Uma ideia com que, garante, Cabo Verde teria a ganhar também na vertente turística, como a aposta feita pela ilha de Barbados, que criou uma reserva de macaco verde visitada por 100.000 turistas por ano: “Os turistas gostam dos animais, gostam dos macacos. Já há em alguns países exemplos de sucesso, de projetos interessantes”.À Lusa, o presidente da câmara municipal de São Miguel, Herménio Fernandes, destaca tratar-se de um projeto “extraordinário”, que permite a proteção de uma espécie em vias de extinção em Cabo Verde, que naquele município também se depara com problemas com os agricultores.“Demonstra que há soluções para tudo”, afirmou o autarca, reconhecendo as queixas constantes dos agricultores, face ao ataque dos macacos aos cultivos de sequeiro no município, à procura de comida.Com o “Morgana Ecolodge” e a Associação Santuário dos Macacos de Cabo Verde, Herménio Fernandes afirma que o concelho tem tudo para preservar a espécie e oferecer um “produto turístico de alto valor”.Além da proteção dos macacos, o projeto de turismo sustentável de Gricha Lepointe, que aposta nas energias renováveis e na articulação com a comunidade local, apoia ainda a preservação de tartarugas marinhas em colaboração com a Câmara Municipal e o Ministério do Ambiente.;['Cabo Verde'];https://24.sapo.pt/atualidade/artigos/se-nao-fizemos-nada-eles-vao-provavelmente-desaparecer-frances-cria-em-cabo-verde-primeiro-refugio-para-proteger-macacos
"Nicarágua: Joe Biden diz que votação nas presidenciais não foi ""nem livre nem justa e menos ainda democrática""";8 nov 2021 06:01;MadreMedia / Lusa;"O Presidente dos Estados Unidos, Joe Biden, acusou o Presidente da Nicarágua, Daniel Ortega, e a sua mulher, a vice-presidente Rosario Murillo, de terem orquestrado uma votação que não foi ""nem livre nem justa e menos ainda democrática"".";“A prisão arbitrária de quase 40 figuras da oposição desde maio, incluindo sete potenciais candidatos presidenciais, e o bloqueio de partidos políticos, sabotou o resultado bem antes do dia da eleição”, pode ler-se num comunicado divulgado no domingo, dia de eleições na Nicarágua, que devem dar ao Presidente Daniel Ortega, de 75 anos, o seu quarto mandato consecutivo, após 14 anos no poder.No comunicado, Biden recordou que “a família Ortega e Murillo governam agora a Nicarágua como autocratas, em nada diferentes da família Somoza que Ortega e os Sandinistas combateram há quatro décadas”.Apelando para que a democracia da Nicarágua seja restaurada e os presos políticos libertados, o Presidente norte-americano afirmou que os Estados Unidos da América “vão usar todas as ferramentas diplomáticas e económicas ao seu dispor para apoiar o povo da Nicarágua e responsabilizar o governo Ortega-Murillo, bem como aqueles que permitem os seus abusos”.Uma grande parte da comunidade internacional negou qualquer legitimidade ao escrutínio. Para o secretário de Estado norte-americano, Antony Blinken, o processo eleitoral “perdeu toda a credibilidade”, enquanto o chefe da diplomacia europeia, Josep Borrell, o considerou uma “farsa”.Nos últimos meses, a perseguição aos opositores foi contínua e desde junho foram detidas 39 pessoas, entre personalidades políticas, empresários, camponeses, estudantes e jornalistas.Segundo uma sondagem da Cid-Gallup, se pudessem escolher, 65% dos 4,3 milhões de eleitores votariam num candidato da oposição e só 19% no Presidente cessante.O governo recusou os observadores independentes e jornalistas de vários media internacionais foram proibidos de entrar na Nicarágua.;['EUA', 'Nicarágua'];https://24.sapo.pt/atualidade/artigos/nicaragua-joe-biden-diz-que-votacao-nas-presidenciais-nao-foi-nem-livre-nem-justa-e-menos-ainda-democratica
Dois dos sete militares da Marinha feridos em Cabo Verde transportados para Lisboa;7 nov 2021 23:55;MadreMedia / Lusa;Dois dos sete militares da Marinha portuguesa que sofreram no sábado um acidente de viação em Cabo Verde, durante uma visita de lazer, estão a ser transportados para Lisboa, mas apresentam estado de saúde estável, disse hoje fonte militar.;"Segundo avançou à Lusa o porta-voz do Estado-Maior-General das Forças Armadas (EMGFA), Pedro Serafim, dos sete militares, três tiveram alta do Hospital do Mindelo, em São Vicente, dois estão ainda internados no mesmo hospital e outros dois estão a ser transportados para Lisboa, estando prevista a sua chegada esta noite.Tanto os dois militares internados como os dois que estão a regressar a Lisboa ""apresentam um estado de saúde estável e considerado fora de perigo de vida"".Sete militares da Marinha portuguesa sofreram no sábado um acidente de viação na ilha cabo-verdiana de Santo Antão, durante uma visita de lazer, e foram transportados ao Centro de Saúde de Porto Novo.Fonte do comando regional de Santo Antão da Polícia Nacional disse à Lusa no sábado que os sete marinheiros tinham chegado à ilha vizinha de São Vicente no dia 28 de outubro, no âmbito de um programa de cooperação com a Guarda Costeira cabo-verdiana, a bordo do navio hidro-oceanográfico D. Carlos I, da Marinha portuguesa.“Na sexta-feira viajaram aqui para Porto Novo e hoje dirigiam-se para um sítio turístico chamado Tarrafal de Monte Trigo. Durante o caminho, na estrada, aconteceu o acidente. O condutor da 'pickup' em que seguiam relatou que ficou sem travões, perdeu o controlo e o veículo acabou por capotar”, relatou a fonte.O navio hidro-oceanográfico D. Carlos I chegou ao Mindelo, São Vicente, em 28 de outubro, para realizar uma campanha oceanográfica e de controlo de microplásticos ao largo do arquipélago de Cabo Verde.O navio largou da Base Naval de Lisboa em 18 de outubro de 2021, integrado na Força Nacional Destacada para a missão “Iniciativa Mar Aberto 2021.2”, que decorre até 15 de janeiro de 2022.Em Cabo Verde, a missão do navio da Marinha portuguesa, que prevê ações de cooperação de índole bilateral e multilateral, de presença e diplomacia naval, “contribuindo para a segurança marítima na área de operações correspondente ao espaço geográfico do Golfo da Guiné”, contemplou escalas no porto da Praia, este fim de semana, onde recebeu a visita do ministro da Defesa Nacional, João Gomes Cravinho, que esteve na capital cabo-verdiana.A Força Nacional Destacada é constituída pelo Navio da República Portuguesa (NRP) D. Carlos I, com 51 militares embarcados, integrando ainda uma equipa de mergulhadores e uma equipa de segurança reforçada. Ao longo da missão está previsto o embarque de equipas multidisciplinares de cientistas do Instituto Hidrográfico em Angola e no arquipélago de Cabo Verde.A “Iniciativa Mar Aberto 2021.2” pretende “contribuir para o conhecimento situacional marítimo, desenvolvimento científico e da segurança cooperativa na costa ocidental africana”, na “prossecução de objetivos da política externa nacional na satisfação de compromissos internacionais assumidos por Portugal” perante a Comunidade dos Países de Língua Portuguesa, nomeadamente, Cabo Verde, Angola e São Tomé e Príncipe.";['Cabo Verde', 'Marinha'];https://24.sapo.pt/atualidade/artigos/dois-dos-sete-militares-da-marinha-feridos-em-cabo-verde-transportados-para-lisboa
Covid-19: Brasil regista número mais baixo de mortes desde abril de 2020;7 nov 2021 23:50;MadreMedia / Lusa;O Brasil, um dos países mais duramente atingido pela pandemia de covid-19 no mundo, registou nas últimas 24 horas 59 mortes pela doença, ou seja, o número mais baixo de óbitos diários dos últimos 19 meses, segundo o governo.;O Brasil não tinha um número tão baixo de mortes por covid-19 num dia desde 05 de abril de 2020, ou seja, nas primeiras semanas de pandemia no país, data em foram registadas 54 mortes.A queda acentuada no número diário de mortes neste fim de semana, de 328 no sábado para 59 hoje, é relativa, porque o Ministério da Saúde reconhece que, normalmente, são os dias em que há uma quebra nos dados, por haver menos funcionários nos serviços para os processar.Segundo o boletim divulgado hoje pelo Conselho Nacional das Secretarias de Saúde, o Brasil registou nas últimas 24 horas 6.115 novos casos de infeção.De acordo com a mesma fonte, os dados das últimas 24 horas elevaram o número total de vítimas mortais por covid-19 no Brasil para 609.447 e o de casos para 21.880.439, desde o início da pandemia, em fevereiro do ano passado.Estes números confirmam o país latino-americano, com os seus 213 milhões de habitantes, como o segundo com maior número de mortes pela doença no mundo, ultrapassado apenas pelos Estados Unidos, e o terceiro maior número de infetados, atrás dos EUA e da Índia.Apesar dos elevados números acumulados, a média de mortes e casos permanece nos seus níveis mais baixos há vários meses, tendo caído quase 80% desde junho passado.A forte queda nos números é atribuída ao progresso na campanha de vacinação, que o Brasil começou tarde e lentamente.De acordo com o Ministério da Saúde, até sábado cerca de 157,6 milhões de brasileiros, 74% dos 213 milhões de habitantes do país, tinham recebido a primeira dose de algumas das vacinas contra a covid-19 e 123,9 milhões (58,2%) já tinham a vacinação completa.;['Brasil', 'Covid-19'];https://24.sapo.pt/atualidade/artigos/covid-19-brasil-regista-numero-mais-baixo-de-mortes-desde-abril-de-2020
A COP26 soma promessas, mas as dúvidas ainda são muitas. Os acordos alcançados a cinco dias do fim da cimeira;7 nov 2021 23:14;MadreMedia;;"Os alertas vão se repetindo — recorde-se que, em agosto, as Nações Unidas publicaram um relatório particularmente alarmante quanto ao aquecimento global — mas as soluções não têm surtido efeito e muitas vezes nem da gaveta têm saído.O Acordo de Paris já lá vai, a eco-ansiedade aumenta e as cimeiras sucedem-se de forma algo inconsequente — como o nosso cronista, José Couto Nogueira, apontou no seu último texto.A COP26, a decorrer há uma semana — e com duração até 12 de novembro — em Glasgow, na Escócia, foi coroada de expectativa por ser entendida como um dos últimos esforços globais possíveis com o tempo a escassear. Até agora, os trabalhos saldaram-se em promessas de milhões para combater a desflorestação e apoiar os países mais pobres, mas o evento foi igualmente marcado por manifestações a exigir mais.Numa semana marcada pela presença em Glasgow dos líderes mundiais e pelas queixas das organizações não-governamentais de falta de acesso à cimeira, manifestantes exigiram o fim dos combustíveis fósseis, para diminuir as emissões de gases com efeito de estufa. Além disso, a cimeira começou com o “pé esquerdo” por não contar com a Rússia nem a China, dois dos maiores emissores do mundo de gases com efeito de estufa. Outros foram a Glasgow deixar promessas de muitos milhões e assinar compromissos para um mundo mais “verde”, mesmo que dentro de muitos anos, como a Índia.Ao fim destes dias de muita discussão — ou, para os detratores, de “bla-bla-bla”, como classificou a ativista ambiental Greta Thunberg — o que ficou de facto selado como promessa?Eliminação progressiva do carvão:Sendo que a produção de energia elétrica através do carvão é uma das maiores responsáveis pela emissão mundial de gases com efeito de estufa, a Aliança Global para o Abandono do Carvão (PPCA na sigla original) anunciou na cimeira de Glasgow a entrada de mais 28 Estados para a organização, um deles a Ucrânia, o terceiro maior utilizador de carvão na Europa. Ao todo, pertencem agora a este grupo 165 Estados, Portugal incluído.E Portugal está também num grupo de mais de 20 países e instituições que na semana que passou anunciou em Glasgow que vai deixar de financiar projetos de combustíveis fósseis até ao fim de 2022. A China e a Rússia não assinaram. Além disso, mais de 20 países também subscreveram uma declaração que defende o fim da construção de novas centrais elétricas a carvão, comprometendo-se a promover fontes energéticas limpas.Redução das emissões de metano:Outro dos principais compromissos passa por mais de 100 países, entre os quais Portugal, mas também os Estados Unidos e a União Europeia como entidade, reduzirem as emissões de metano em 30% até 2030, em comparação com 2020.O anúncio em Glasgow, o Compromisso Global do Metano, é relevante, porque o metano é um poderoso gás com efeito de estufa, responsável por cerca de 30% do aquecimento do planeta desde a época pré-industrial, com um efeito de aquecimento cerca de 29 vezes superior ao dióxido de carbono (CO2) durante um período de 100 anos, e cerca de 82 vezes durante um período de 20 anos. Há pelo menos 328 milhões de dólares prometidos para apoio financeiro e técnico para a implementação do compromisso, que se concretizado pode reduzir em 0,2 graus celsius o aquecimento global. Nem a Rússia nem a China assinaram o compromisso.Combate à desflorestaçãoFoi também assinado um acordo global para pôr fim à desflorestação até 2030, num dos dias da cimeira especialmente dedicado às florestas. A Comissão Europeia, anunciou a sua presidente, Ursula von der Leyen, vai apoiar com mil milhões de euros o programa de combate à desflorestação. A responsável comprometeu-se a reduzir a pegada de consumo europeia nos territórios e florestas, afirmando que os europeus não querem comprar produtos que provocam desflorestação ou degradação das florestas.Ao mesmo tempo que o Brasil anunciava a partir de Brasília um objetivo mais ambicioso de redução de emissões, e de eliminar a desflorestação ilegal até 2028, em Glasgow representantes do Banco Interamericano de Desenvolvimento (BID) e os governos da Alemanha e dos Países Baixos anunciavam um projeto conjunto para a proteção das florestas e da terra na região amazónica que implica um investimento de 30 milhões de euros. Também em Glasgow o Presidente da República Democrática do Congo e o primeiro-ministro britânico anunciavam o apoio a um programa para proteger a floresta da Bacia do Congo, avaliado em 500 milhões de dólares (431,7 milhões de euros) nos primeiros cinco anos.Menos gases, melhor transição e mais investimento tecnológicoOutro anúncio consistiu numa aliança de 450 empresas financeiras que se comprometeram em investir 112 mil milhões de euros na transição para uma economia descarbonizada, até 2050. Com a promessa de financiamento, a Aliança Financeira de Glasgow para as Zero Emissões Líquidas, criada em abril para mobilizar estes fundos, duplica os 60 mil milhões de euros avançados até agora.Além disso, a União Europeia e o empresário norte-americano Bill Gates assinaram uma parceria de aposta nas novas tecnologias, que envolve também o Banco Europeu de Investimento. O anúncio da parceria já tinha sido feito em junho mas esta só foi formalizada na primeira semana da COP. Pretende, entre 2022 e 2026, mobilizar até 820 milhões de euros para acelerar a implantação e comercializar rapidamente tecnologias inovadoras que ajudem a estratégia europeia de atingir as suas metas climáticas, nomeadamente de reduzir em 55% as emissões de gases com efeito de estufa até 2030.Apoios a paísesOs países ricos prometeram 100 mil milhões de dólares por ano (86 mil milhões de euros), a partir de 2020, para os países menos desenvolvidos, os menos responsáveis pelas alterações climáticas, para ajudar na adaptação. A promessa até aqui nunca foi cumprida, mas na cimeira de Glasgow a presidente da Comissão Europeia, Ursula von der Leyen, prometeu mais 4,3 mil milhões de euros de financiamento a países vulneráveis.Esse e outros contributos anunciados, como o do Japão — que prometeu fundos de 8,64 mil milhões de euros ao longo de cinco anos para promover a transição energética na Ásia — , levou o enviado especial dos Estados Unidos para as alterações climáticas, John Kerry, a dizer que a meta dos 100 mil milhões será alcançada no próximo ano.Recuperação dos oceanosNum dia especialmente dedicado aos oceanos (na sexta-feira) o Reino Unido, anfitrião da conferência, anunciou a mobilização de sete milhões de libras (oito milhões de euros) para proteger e ""restaurar a saúde e resiliência"" dos oceanos.A presidência britânica da Conferência marcou o ""Dia da Ação dos Oceanos"" com um apelo aos líderes mundiais a tomarem medidas de proteção dos oceanos que permitam alcançar a neutralidade carbónica e manter ao alcance o aquecimento global a não mais de 1,5 graus Celsius.Todavia, não obstante os acordos firmados, persiste o ceticismo por parte de muitos ativistas quanto ao caráter efetivo destas medidas a implementar.Greta Thunberg mas também milhares de outros jovens desfilaram por duas vezes em Glasgow exigindo ser envolvidos no processo e medidas concretas de luta contra as alterações climáticas, ostentando cartazes com frases como “COP26, age agora, para os combustíveis fósseis"" ou ""Parem as Alterações Climáticas"".O protesto de sábado em Glasgow foi replicado em várias outras cidades, incluindo cidades portuguesas. Ontem, no Porto, hoje, em Lisboa. Apesar do número relativamente reduzido de manifestantes, as mensagens não deixaram de se ouvir, inclusive de líderes políticos, como do PAN, Os Verdes e Bloco de Esquerda.Quanto a estes últimos, Catarina Martins referiu que, apesar da Cimeira do Clima estar a ser uma “desilusão” e que é um ""desfilar de boas intenções"" sem ""qualquer medida concreta"" para a descarbonização ou contra o aquecimento global. disse que há ainda tempo para se tomarem medidas efetivas. Haverá? É esperar pela próxima semana.";['Hoje o dia foi assim'];https://24.sapo.pt/atualidade/artigos/a-cop26-soma-promessas-mas-as-duvidas-ainda-sao-muitas-os-acordos-alcancados-a-cinco-dias-do-fim-da-cimeira
Guterres e Boris Johnson condenam ataque contra primeiro-ministro iraquiano;7 nov 2021 20:30;MadreMedia / Lusa;"O secretário-geral das Nações Unidas, António Guterres, condenou hoje ""com firmeza"" a ""tentativa de assassínio"" do primeiro-ministro iraquiano, Mustafa al-Kazimi, alvo de um 'drone' armadilhado na sua residência, em Bagdade.";Guterres exortou os iraquianos a mostrarem moderação e não cederem à violência ou a tentativas de desestabilizar o Estado, segundo um comunicado.Também o primeiro-ministro britânico, Boris Johnson, indicou em comunicado que condena “veementemente” o ataque contra Mustafa al-Kazimi, que saiu ileso do ocorrido.Numa conversa telefónica com o seu homólogo iraquiano, Johnson afirmou ainda que o Reino Unido apoia “os seus esforços para formar um governo após as eleições”, considerando que se trata de um passo “vital para a estabilidade a longo prazo do Iraque”, segundo o comunicado do porta-voz de Downing street.Duas fontes ligadas à segurança indicaram que foram lançados durante a madrugada três ‘drones’ a partir de um setor situado a pouco mais de um quilómetro da residência do primeiro-ministro iraquiano.“Dois ‘drones’ foram abatidos” pelos guardas de Kazimi, mas o terceiro conseguiu fazer explodir a sua carga, de acordo com as fontes.Uma outra fonte disse à AFP que dois seguranças do primeiro-ministro ficaram feridos.No poder desde maio de 2020, Mustafa al-Kazimi divulgou na rede social Twitter uma mensagem a apelar “à calma e à moderação de todos a bem do Iraque”.Este ataque surge num momento de tensão no Iraque, após violentos confrontos entre manifestantes e polícias durante uma manifestação na passada sexta-feira em Bagdade, em protesto contra resultados preliminares das eleições legislativas de 10 de outubro. Os resultados definitivos só devem ser conhecidos dentro de algumas semanas.;['Iraque', 'ONU', 'António Guterres', 'Boris Johnson', 'Mustafa al-Kazimi'];https://24.sapo.pt/atualidade/artigos/guterres-e-boris-johnson-condenam-ataque-contra-primeiro-ministro-iraquiano
Legislativas: Iniciativa Liberal marca Convenção Eletiva para 11 e 12 de dezembro;7 nov 2021 20:08;MadreMedia / Lusa;O Conselho Nacional da Iniciativa Liberal (IL) marcou hoje para 11 e 12 de dezembro a Convenção Eletiva do partido e o deputado João Cotrim Figueiredo reafirmou a sua recandidatura ao cargo de presidente desta força política.;"Em comunicado enviado à agência Lusa, a IL refere que estas decisões resultaram da reunião do Conselho Nacional do partido, que se realizou em Condeixa, no distrito de Coimbra, e em formato misto (por meios digitais e presencial).Além da data de 11 e 12 de dezembro para a realização da reunião magna, que elegerá os órgãos dirigentes do partido, o 18.º Conselho Nacional apontou também já que essa Convenção Eletiva da IL terá lugar no distrito de Lisboa.De acordo com o comunicado, “com cerca de quatro mil membros, a IL terá uma convenção universal aberta à participação de todos os membros, irá eleger a nova Comissão Executiva do partido e aprovar a moção de estratégia global para os próximos dois anos”.“Da ordem de trabalhos constará ainda a aprovação da nova Declaração de Princípios, o balanço do mandato que termina e debate de moções setoriais”, refere-se na nota desta força política.No Conselho Nacional de hoje, segundo a IL, João Cotrim Figueiredo “reafirmou que será candidato à liderança do partido e transmitiu aos membros do Conselho Nacional que a IL está preparada para disputar estas eleições num quadro partidário instável”.“A IL está preparada para ser a chave da solução para um novo rumo de que Portugal precisa, porque é um partido coeso em torno de um projeto liberal. Está preparada porque tem quadros qualificados para concretizar este mesmo projeto liberal”, defende-se neste texto.Na reunião de Condeixa, a IL fez um balanço da atual situação política e dos resultados das últimas eleições autárquicas – “uma estreia para os liberais e representa o fim do primeiro ciclo eleitoral da Iniciativa Liberal com a eleição de 90 autarcas, cumprindo os objetivos da moção estratégica apresentada por João Cotrim Figueiredo, em Pombal, em 2019”, lê-se ainda no comunicado.Em 08 de dezembro de 2019, na III Convenção Nacional do partido, João Cotrim Figueiredo foi eleito presidente da Comissão Executiva da IL - uma candidatura única que recolheu 96% dos votos.O presidente eleito defendeu então que para a IL crescer teria de ""falar para novos públicos e adotar novas causas"", estabelecendo como alvo principal a juventude.""É surpreendente e quase chocante perceber que não há nenhum partido que possa dizer que escolheu estrategicamente a juventude como alvo"", defendeu o deputado único da IL no parlamento.";['Iniciativa Liberal', 'Legislativas2022'];https://24.sapo.pt/atualidade/artigos/legislativas-iniciativa-liberal-marca-convencao-eletiva-para-11-e-12-de-dezembro
Covid-19: Milhares protestam contra reintrodução de restrições nos Países Baixos;7 nov 2021 19:45;MadreMedia / Lusa;Pelo menos 25.000 pessoas protestaram hoje em Haia contra a reintrodução, este fim de semana, de medidas contra a covid-19, num país que registou 11.398 novos positivos nas últimas 24 horas.;A distância social, uso de máscara, e exigência do passe covid-19 são algumas das medidas adotadas para conter as infeções.Cerca de 25 mil pessoas, segundo a polícia local, e mais de 50 mil, segundo os organizadores, reuniram-se hoje à tarde contra as restrições, em Malieveld, um relvado no centro de Haia, onde acontece a maioria dos protestos sociais.A manifestação foi organizada pela Samen voor Nederland, uma associação que reúne dezenas de organizações que protestaram várias vezes contra a política de controlo da pandemiaAntes de iniciarem uma marcha pelo centro da cidade, os manifestantes assistiram a vários discursos de oradores como o líder da extrema-direita holandesa Thierry Baudet, conhecido pelo seu ceticismo em relação ao coronavírus e à sua defesa das teorias da conspiração que surgiram no último ano e meio.O protesto foi acompanhado por dezenas de viaturas policiais e agentes a pé, de bicicleta e a cavalo, embora a marcha tenha decorrido sem incidentes graves ou detenções.Alguns manifestantes agitaram bandeiras do grupo de extrema-direita Voorpost e um ‘slogan’ usado pelo partido nazi holandês durante a Segunda Guerra Mundial que já foi visto em protestos anteriores.As restrições entraram em vigor no sábado, o que implicou a imposição da distância interpessoal de 1,5 metros, o uso de máscaras em todos os espaços fechados acessíveis ao público – o que inclui lojas – e a ampliação do uso do passe covid-19, que foi anteriormente limitado à indústria hoteleira e a eventos.De acordo com dados publicados hoje pelo Instituto de Saúde Pública (RIVM), os Países Baixos confirmaram 11.398 novos positivos nas últimas 24 horas, enquanto os internamentos hospitalares aumentaram em 91 pacientes, com um total de 1.490 pessoas com covid-19 hospitalizadas, o valor mais alto desde o final de maio.Do total, 305 estão a receber tratamento em unidades de cuidados intensivos.A covid-19 provocou pelo menos 5.042.330 mortes em todo o mundo, entre mais de 249,43 milhões infeções pelo novo coronavírus registadas desde o início da pandemia, segundo o mais recente balanço da agência France-Presse.;['Países Baixos', 'Covid-19'];https://24.sapo.pt/atualidade/artigos/covid-19-milhares-protestam-contra-reintroducao-de-restricoes-nos-paises-baixos
"COP26: Catarina Martins diz que cimeira é ""enorme deceção"" por falta de medidas";7 nov 2021 19:41;MadreMedia / Lusa;"A líder do BE disse hoje que a Cimeira do Clima em Glasgow tem sido uma ""enorme deceção"", assistindo-se a um ""desfilar de boas intenções"", mas sem ""qualquer medida concreta"" para a descarbonização ou contra o aquecimento global.";Catarina Martins falava aos jornalistas no decorrer de uma manifestação realizada em Lisboa, inserida numa marcha em defesa de uma maior justiça climática e exigindo mais ação aos líderes políticos mundiais para se definirem medidas concretas para travar o aquecimento global.A dirigente do BE referiu que, apesar da Cimeira do Clima estar a ser uma “desilusão”, há ainda tempo para se tomarem medidas efetivas, realçando que “quem achar que a força dos ambientalistas não serve para nada desengane-se”, pois a mobilização dos ativistas em todo o mundo é fundamental para salvar o planeta.“São os ativistas climáticos que estão a fazer a diferença em todo o mundo, que estão a acordar todo o mundo para a necessidade de medidas efetivas”, disse Catarina Martins, congratulando-se com a recente aprovação pelo parlamento da Lei de Bases do Clima que, sublinhou, impede a prospeção de petróleo e gás natural em território português, “algo que parecia impossível” de alcançar nos últimos anos.A líder do BE salientou que esta lei “tem de sair do papel” e que é preciso haver investimento na reconversão energética e na descarbonização da economia.Sublinhou ainda que o BE gostaria que o diploma aprovado tivesse “ido mais longe”, mas que a lei é importante para tornar o território nacional “mais seguro”, abrindo caminho à transição energética.Catarina Martins aproveitou a ocasião para criticar o Governo por ter assinado recentemente contratos de exploração mineira ao “arrepio da vontade das populações”.Reconheceu que o Governo estava em plenos poderes, mas enfatizou que “não devia ter feito o que fez” nessa matéria.A líder do BE aconselhou o Governo a utilizar tais poderes para realizar os aumentos prometidos que em nada dependem do Orçamento de Estado (OE), aludindo ao aumento do salário mínimo, das pensões e do ligeiro descongelamento dos salários.Quanto aos contratos de exploração mineira firmados pelo executivo, Catarina Martins prometeu que essa matéria “voltará a debate no parlamento”, por iniciativa do BE, porque as “populações têm que ser ouvidas”.“O interior do país tem que ser respeitado, não pode ser o depósito que a atividade económica que não se quer”, frisou, notando que a opção tomada pelo Governo nesse domínio não pode ser o caminho do futuro.“Cá estarmos para fazer essa luta também. A luta climática é também uma luta por justiça social”, concluiu.Decisores políticos e milhares de especialistas e ativistas reúnem-se até sexta-feira na COP26 para atualizar os contributos dos países para a redução das emissões de gases com efeito de estufa até 2030 e aumentar o financiamento para ajudar países afetados a enfrentar a crise climática.A COP26 decorre seis anos após o Acordo de Paris, que estabeleceu como meta limitar o aumento da temperatura média global do planeta entre 1,5 e 2 graus celsius acima dos valores da época pré-industrial.Apesar dos compromissos assumidos, as concentrações de gases com efeito de estufa atingiram níveis recorde em 2020, mesmo com a desaceleração económica provocada pela pandemia de covid-19, segundo a ONU, que estima que ao atual ritmo de emissões, as temperaturas serão no final do século superiores em 2,7.;['Alterações Climáticas', 'Catarina Martins', 'COP26'];https://24.sapo.pt/atualidade/artigos/cop26-catarina-martins-diz-que-cimeira-e-enorme-dececao-por-falta-de-medidas
