,0
Covid-19,1298
Brasil,68
EUA,62
UniÃ£o Europeia,51
Reino Unido,51
PCP,45
AÃ§ores,42
Madeira,40
TAP,35
EleiÃ§Ãµes americanas 2020,34
FranÃ§a,34
Marcelo Rebelo de Sousa,32
Presidenciais 2021,31
SaÃºde,31
Antonio Costa,30
Alemanha,29
Porto,28
Congresso do PCP,28
itÃ¡lia,28
Espanha,27
RÃºssia,27
Vacinas,26
OE2021,25
PSP,25
China,25
Hoje o dia foi assim,25
Lisboa,24
Estado de EmergÃªncia,22
Venezuela,22
SEF,22
Vacina,21
PSD,21
Brexit,19
Donald Trump,19
Ambiente,18
Portugal,18
ONU,18
Legionella,16
Mau tempo,16
Chega,16
ComissÃ£o europeia,16
PresidÃªncia Portuguesa UE,16
Revista de imprensa,16
GNR,16
OMS,15
CDS-PP,14
Eduardo Cabrita,13
violÃªncia domÃ©stica,13
JerÃ³nimo de sousa,13
BE,13
JustiÃ§a,13
Assembleia da RepÃºblica,13
Biden,12
Infarmed,12
AndrÃ© Ventura,12
Natal,12
PresidÃªncia da UE,11
DGS,11
Pfizer,11
NATO,11
Ana Gomes,11
RestauracÃ£o,11
Joe Biden,11
Fenprof,11
OrÃ§amento do Estado,10
Jair Bolsonaro,10
Boris Johnson,10
MoÃ§ambique,10
PS,10
CDS,9
Trump,9
Governo,9
Eduardo LourenÃ§o,9
DepressÃ£o Dora,9
SNS,9
Marta Temido,9
Rui Rio,9
Iniciativa Liberal,9
PJ,9
Governo dos AÃ§ores,9
IrÃ£o,8
EuromilhÃµes,8
Planeta A,8
Escolas,8
Ãfrica,8
Leiria,8
Bloco de Esquerda,8
IPMA,8
Football Leaks,8
EtiÃ³pia,8
PAN,8
AmazÃ³nia,7
ForÃ§as Armadas,7
Papa Francisco,7
ProteÃ§Ã£o Civil,7
Rabo de Peixe,7
Ordem dos MÃ©dicos,7
Estados Unidos,7
Algarve,7
5G,7
PolÃ­cia JudiciÃ¡ria,7
Augusto Santos Silva,7
professores,7
Animais,7
Estados Unidos Da AmÃ©rica,6
Parlamento Europeu,6
Novo Banco,6
Hungria,6
G20,6
Europa,6
OrganizaÃ§Ã£o Mundial de SaÃºde,6
Parlamento,6
Vacinas Covid-19,6
JoÃ£o Ferreira,6
AlteraÃ§Ãµes ClimÃ¡ticas,6
Ensino Superior,6
Bruxelas,6
SantarÃ©m,6
Ãvora,6
Catarina Martins,6
VacinaÃ§Ã£o,6
Web Summit,6
Vila Real,6
Paris,6
Maradona,6
Braga,6
Miguel Albuquerque,6
CTT,6
CP,5
Acordo de Paris,5
Ovar,5
Gondomar,5
Borba,5
Grande Porto,5
Presidente da RepÃºblica,5
EDP,5
Ãbito,5
Metro do Porto,5
Greve,5
Ensino,5
Sara Carreira,5
ComÃ©rcio,5
Guarda,5
DGArtes,5
ASAE,5
Ãndia,5
Charles Michel,5
Moderna,5
BÃ©lgica,5
Turismo,5
Turquia,5
Torres Vedras,5
Cultura,5
PrisÃµes,5
Cabo Delgado,5
Presidenciais,5
SATA,5
Refugiados,5
Dinamarca,4
IncÃªndios,4
AntÃ³nio Guterres,4
Nova Iorque,4
Norte,4
Aulas em tempo de pandemia,4
PolÃ³nia,4
EleiÃ§Ãµes,4
Teletrabalho,4
Unicef,4
Nicolas Sarkozy,4
Chaves,4
EscÃ³cia,4
PEV,4
AfeganistÃ£o,4
Pedro Nuno Santos,4
MinistÃ©rio PÃºblico,4
MÃ©dicos,4
Marisa Matias,4
AdministraÃ§Ã£o Regional de SaÃºde,4
Castelo Branco,4
Viana do Castelo,4
Aveiro,4
A PÃ£o e Ãgua,4
Cuidados Intensivos,4
Movimento a PÃ£o e Ãgua,4
JMJ2023,4
BielorrÃºssia,4
matosinhos,4
Bolsonaro,4
Tancos,4
INE,4
IncÃªndio,4
Ihor Homenyuk,4
Neve,4
Costa,4
Centro Hospitalar e UniversitÃ¡rio de Coimbra,4
Jornada Mundial da Juventude,4
JosÃ© Manuel Bolieiro,4
Caminha,4
GrÃ©cia,4
HabitaÃ§Ã£o,4
Ãrea Metropolitana de Lisboa,4
CiÃªncia,4
MÃ©xico,4
Clima,4
Francisco Ramos,4
Pfizer/BioNTech,3
EleiÃ§Ãµes norte-americanas 2020,3
Nicola Sturgeon,3
FÃ¡tima,3
SantuÃ¡rio de FÃ¡tima,3
Ferrovia,3
DECO,3
Igreja CatÃ³lica,3
Vaticano,3
NicolÃ¡s Maduro,3
TrÃ¡fico de Droga,3
CovilhÃ£,3
AviaÃ§Ã£o,3
Congresso,3
Conselho de Ministros,3
Droga,3
Gomes Cravinho,3
Coimbra,3
AustrÃ¡lia,3
Baixo Alentejo,3
Comboios,3
Assembleia Municipal de Lisboa,3
Israel,3
Inglaterra,3
Racismo,3
Zero,3
Chuva,3
Acidente,3
EducaÃ§Ã£o,3
Ferro Rodrigues,3
visons,3
Fernando Medina,3
Cancro,3
Migrantes,3
VulcÃ£o,3
MÃ¡scaras,3
RomÃ©nia,3
canÃ¡bis,3
Alexander Lukashenko,3
ANACOM,3
XXI Congresso do PCP,3
monÃ³lito,3
Bombeiros,3
FarmÃ¡cias,3
Remdesivir,3
Banco Alimentar,3
Media Capital,3
fake news,3
Vila Pouca De Aguiar,3
BES,3
Gaia,3
Vila Nova de Gaia,3
Gripe,3
AntÃ³nio Lacerda Sales,3
Tribunal da RelaÃ§Ã£o de Lisboa,3
Abrantes,3
Amadora,3
Rio Maior,3
Internet,3
AssociaÃ§Ã£o Nacional de MunicÃ­pios Portugueses,3
hÃ³teis,3
Ylva Johansson,3
migraÃ§Ãµes,3
Sintra,3
Francisco Rodrigues dos Santos,3
Tigray,3
Autoridade da concorrÃªncia,3
Viseu,3
Amnistia Internacional Portugal,3
Hong Kong,3
Portalegre,3
Plano de recuperaÃ§Ã£o,3
Sustentabilidade,3
JoÃ£o Cotrim Figueiredo,3
GuinÃ©-Bissau,3
covering climate now,3
LucÃ­lia Gago,3
Argentina,3
AstraZeneca,3
Bolieiro,3
Empresas,3
"""Adoptar em Portugal",3
Angola,3
Universidade de Coimbra,3
Xi Jinping,3
GDA,2
Angela Gulbenkian,2
Embraer,2
ReligiÃ£o,2
Cinema,2
EleiÃ§Ãµes nos AÃ§ores,2
SÃ£o Paulo,2
Jornais,2
OrganizaÃ§Ã£o Mundial da SaÃºde,2
CroÃ¡cia,2
A1,2
Funchal,2
Rudy Giuliani,2
BioNTech,2
Emmanuel Macron,2
RegiÃ£o Norte,2
Papa,2
Singapura,2
TÃ¡xi,2
Rossio,2
CÃ¢mara do Porto,2
Bares,2
INEM,2
Governo da Madeira,2
Sardoal,2
PrisÃ£o,2
Ryanair,2
Ursula von der Leyen,2
Benfica,2
Ministro da AdministraÃ§Ã£o Interna,2
Testes rÃ¡pidos,2
Mobilidade,2
CÃ¢mara Municipal de Lisboa,2
Iraque,2
VIH/Sida,2
CanÃ¡rias,2
Burla,2
DurÃ£o Barroso,2
internamentos,2
Santo Tirso,2
VIH,2
Ministro dos NegÃ³cios Estrangeiros,2
OrganizaÃ§Ã£o das NaÃ§Ãµes Unidas,2
Vila ViÃ§osa,2
SalÃ¡rio MÃ­nimo,2
Altice,2
Tempo,2
IMI,2
PGR,2
NOS,2
Joana Marques Vidal,2
Creches,2
Tiago Mayan GonÃ§alves,2
Face Oculta,2
Francisca Van Dunem,2
PolÃ­tica,2
Cuba,2
Apoios,2
Faixa de Gaza,2
Discotecas,2
Mike Pompeo,2
Mora,2
Autoridade MarÃ­tima Nacional,2
Lua,2
Juventude Popular,2
JapÃ£o,2
Web Summit 2020,2
Montalegre,2
SetÃºbal,2
Tribunal de GuimarÃ£es,2
Universidade do Minho,2
Abuso sexual,2
AgÃªncia Europeia de Medicamentos,2
Viktor OrbÃ¡n,2
Ljubomir Stanisic,2
Teatro,2
Vera JourovÃ¡,2
MinistÃ©rio da AdministraÃ§Ã£o Interna,2
Meteorologia,2
Solidariedade,2
PrÃ©mios,2
Transporte pÃºblico,2
Universidade do Porto,2
Freixo de Espada Ã  Cinta,2
LGBTQ+,2
Facebook,2
CocaÃ­na,2
Rui Pinto,2
JosÃ© LuÃ­s Carneiro,2
Maia,2
Mota Amaral,2
SL Benfica,2
Pedofilia,2
Sonda espacial,2
Campo Grande,2
SÃ£o Miguel,2
Putin,2
FundaÃ§Ã£o MÃ¡rio Soares e Maria Barroso,2
DireÃ§Ã£o-Geral de ReinserÃ§Ã£o e ServiÃ§os Prisionais,2
IndonÃ©sia,2
Giscard d'Estaing,2
AgitaÃ§Ã£o MarÃ­tima,2
Idosos,2
ARS Norte,2
Ihor Homeniuk,2
Alenquer,2
Austria,2
Cruz Vermelha,2
Centro Hospitalar de Leiria,2
Direitos Humanos,2
Faro,2
seguranÃ§a social,2
GraÃ§a Freitas,2
Google,2
Interpol,2
Zona Franca da Madeira,2
CalifÃ³rnia,2
Transportes PÃºblicos,2
Conselho Europeu,2
Tolentino MendonÃ§a,2
Neutralidade carbÃ³nica,2
Francisco SÃ¡ Carneiro,2
BP,2
Transportes,2
AlcobaÃ§a,2
Restaurantes,2
Alunos,2
Beja,2
Pai Natal,2
Confinamento,2
Centros Comerciais,2
Ana Catarina Mendes,2
Tribunal da ConcorrÃªncia,2
Testes,2
MarvÃ£o,2
Joacine Katar Moreira,2
Congresso PCP,2
Hospital de Santa Maria,2
APEFE,2
Protesto,2
Provedora de JustiÃ§a,2
Sindicato dos Enfermeiros Portugueses,2
Alcanena,2
PaÃ§os de Ferreira,2
Marcelo,2
greve climÃ¡tica estudantil,2
AutÃ¡rquicas,2
JoÃ£o Gomes Cravinho,2
Santos Silva,2
Elvas,2
AntibiÃ³ticos,2
Cristina GatÃµes,2
Douro,2
CO2,2
ForÃ§as de SeguranÃ§a,2
TÃ¢mega e Sousa,2
Ãrea Metropolitana do Porto,2
UEFA,2
Sputnik V,2
ACNUR,2
RTP,2
Profissionais de saÃºde,2
Cimeira da UE,2
Refood,2
TailÃ¢ndia,2
ColÃ´mbia,2
Vasco Cordeiro,2
Auchan,2
Miguel GuimarÃ£es,2
Pingo Doce,2
Cascais,2
Aborto,2
Pedro Marques,2
FuracÃ£o Iota,2
MÃ¡rio Soares,2
Utah,2
Taiwan,2
Siza Vieira,2
Azeredo Lopes,2
FarmacÃªuticos,2
CanadÃ¡,2
Arsenal do Alfeite,2
Enfermeiros,2
ComissÃ£o da Carteira Profissional de Jornalista,2
AgÃªncia Europeia do Medicamento,2
Bernardino Soares,2
Vieira da Silva,2
Maratona de Cartas,2
Jeremy Corbyn,2
Hospital de Braga,2
Doyen,2
UGT,2
MalÃ¡ria,2
Tesla,2
Casa Branca,2
Cuidados de SaÃºde PrimÃ¡rios,2
ServiÃ§o de Estrangeiros e Fronteiras,2
Loures,2
Castelo de Vide,2
Pombal,2
Dia de AÃ§Ã£o de GraÃ§as,1
Charles Darwin,1
Universidade de Cambridge,1
AlimentaÃ§Ã£o,1
Ricardo Rio,1
JoÃ£o LeÃ£o,1
Carlos Carvalhas,1
Entidade Reguladora da SaÃºde,1
Penha de FranÃ§a,1
Serra d'Arga,1
Jardim RomÃ¢ntico de Sintra,1
Instituto da ConservaÃ§Ã£o da Natureza e das Florestas,1
Estudo,1
Lei das Minas,1
25 de novembro,1
Vodafone,1
Batalha,1
Pedoflilia,1
Ministra da SaÃºde,1
MinistÃ©rio da SaÃºde,1
Rosa Monteiro,1
EstratÃ©gia Nacional para os Direitos da CrianÃ§a,1
Boletim,1
IPO de Coimbra,1
David Dinkins,1
DireÃ§Ã£o-Geral da AdministraÃ§Ã£o e do Emprego PÃºblico,1
FuncionÃ¡rios PÃºblicos,1
Estado,1
Ministro das FinanÃ§as,1
Imposto do Selo,1
UCI,1
Dia Internacional para a EliminaÃ§Ã£o da ViolÃªncia Contra as Mulheres,1
Direitos da CrianÃ§a,1
EDP Comercial,1
AndrÃ© MendonÃ§a,1
GÃ¢mbia,1
Unidade Local de SaÃºde do Baixo Alentejo,1
Ciclismo,1
SÃ­ndrome de NoÃ©,1
Supremo Tribunal de JustiÃ§a,1
AÃ§Ã£o de GraÃ§as,1
OperaÃ§Ã£o Lex,1
Penela PresÃ©pio,1
SalÃ¡rio MÃ­nimo Europeu,1
FÃ¡tima Galante,1
APEMIP,1
Compete 2020,1
Ana Paula Zacarias,1
Almaraz,1
Perus,1
AÃ§ores eleiÃ§Ãµes,1
Conselho Nacional da Ordem dos MÃ©dicos,1
Centro Hospitalar da PÃ³voa de Varzim/Vila do Conde,1
MÃ¡rio Nogueira,1
ANA - Aeroportos de Portugal,1
Porto Santo,1
Vatileaks,1
Rui Rangel,1
ComissÃ£o EconÃ³mica das NaÃ§Ãµes Unidas para a Europa,1
CureVac,1
David ValadÃ£o,1
Caparica,1
Harvard,1
Comboios de Portugal,1
Conseslus Kipruto,1
Tribunal Europeu dos Direitos Humanos,1
Linha do Oeste,1
Tiago Mayan,1
Escolas de danÃ§a,1
Municipios,1
MÃ¡scara,1
SpaceX,1
Hospital de PÃ³voa de Varzim/Vila do Conde,1
Metro,1
Penela,1
Elon musk,1
Paolo Gabriele,1
Manuel Machado,1
FAO,1
Geoparque Litoral de Viana do Castelo,1
Unidade Local de SaÃºde,1
Reportagem,1
Ricardo Pinheiro,1
VÃ­timas de violÃªncia domÃ©stica,1
Lar de Ligares,1
Farmaceuticas,1
Casas,1
solidariedade e seguranÃ§a social,1
MediterrÃ¢neo,1
inovaÃ§Ã£o,1
leilÃ£o,1
AntÃ³nio Ramalho,1
plano de vacinaÃ§Ã£o,1
Task force,1
Merkel,1
Minnesota,1
PSD/Madeira,1
Columbofilia,1
Esquilo,1
RFI,1
Mariana Vieira da Silva,1
SeguranÃ§a RodoviÃ¡ria,1
Abiy Ahmed,1
Mateusz Morawiecki,1
Peter Shilton,1
Lares,1
Santa Casa da MisericÃ³rdia de Chaves,1
Nelson Souza,1
Branqueamento de Capitais,1
TVDE,1
Vila Nova de Poiares,1
Nadia Saad,1
Barcelos,1
La NiÃ±a,1
Grande Barreira de Coral,1
Congresso Interculturalidade 4.0,1
ARS,1
Scut,1
Fucking,1
DesinformaÃ§Ã£o,1
Sindicato dos Jornalistas,1
Concelhos,1
Baixa,1
mercado,1
comerciantes,1
LuÃ­s Garcia,1
Luis SuÃ¡rez,1
Ãlhavo,1
Alto Minho,1
Active Brands,1
Modelo Continente,1
Elisa Ferreira,1
Tribunal Judicial de Leiria,1
Mota Jr.,1
Artistas,1
Festivais,1
educaÃ§Ã£o inclusiva,1
Museu Nacional Romano,1
Centro de Congressos do Estoril,1
Meteorito,1
easyJet,1
motorista portuguÃªs,1
Biodiversidade,1
Esposende,1
Pirotecnia,1
Aeroporto do Montijo,1
Malala Yousafzai,1
Gatos,1
FundaÃ§Ã£o Oceano Azul,1
estudantes,1
Mercadona,1
Ana Mendes Godinho. Covid-19,1
Santa Casa da MisericÃ³rdia de Portalegre,1
Astronomia,1
Meghan Markle,1
PURP,1
Altice Portugal,1
Comandos,1
Dresden,1
Trabalhadores da SaÃºde,1
IL,1
Oma,1
JosÃ© Azeredo Lopes,1
Maryam al Balushi,1
JosÃ© Ribeiro e Castro,1
Michael Flynn,1
Atividade FÃ­sica,1
GuimarÃ£es,1
PalÃ¡cio de BelÃ©m,1
NÃ¡poles,1
Mulheres,1
AssociaÃ§Ã£o Portuguesa de Centros Comerciais,1
Tribunal Constitucional,1
Centro Hospitalar PÃ³voa de Varzim/Vila do Conde,1
Caldas da Rainha,1
violÃªncia contra as mulheres,1
Idalina SÃ¡ da Costa,1
MinistÃ©rio do Trabalho,1
Centros de SaÃºde,1
Hospital de Viana do Castelo,1
Filipe Santos Costa,1
Creche,1
Imigrantes,1
MÃ¡rio Ruivo,1
UNESCO,1
Tribunal de Contas,1
Aporfest,1
Redes Expresso,1
DiscriminaÃ§Ã£o,1
SuÃ­Ã§a,1
Amarante,1
Covid,1
Ricardo Baptista Leite,1
MoisÃ©s Ferreira,1
CHUSJ,1
Folha de Tabaco,1
Nelson Pereira,1
Hospital SÃ£o JoÃ£o,1
RelaÃ§Ã£o de Coimbra,1
Jorge Pires,1
InÃªs Sousa Real,1
AntÃ³nio Carlos Monteiro,1
Pluris,1
Padre Cruz,1
Mariana Silva,1
Centro Hospitalar UniversitÃ¡rio SÃ£o JoÃ£o,1
Human Rights Watch,1
Myanmar,1
MutilaÃ§Ã£o Genital Feminina,1
FPF,1
FuncionÃ¡rios,1
Doentes OncolÃ³gicos,1
Fundo Revive Natureza,1
Emel,1
Rede Gira,1
Bicicletas elÃ©tricas,1
Tribunal da RelaÃ§Ã£o de GuimarÃ£es,1
Turismo Fundos,1
ComissÃµes de ProteÃ§Ã£o das CrianÃ§as e Jovens,1
CrianÃ§as em Perigo,1
TrÃ¡s-os-Montes,1
AÃ§Ã£o Cooperativista,1
BebÃ©s,1
RogÃ©rio Alves,1
Cruz Vermelha Portuguesa,1
Miranda do Corvo,1
Jornalismo de InvestigaÃ§Ã£o,1
Isabel Moreira,1
GinÃ¡sios,1
Centro Hospitalar do Oeste,1
SÃ©rvia,1
Bairro Padre Cruz,1
PoluiÃ§Ã£o,1
RuÃ­do,1
adoÃ§Ã£o,1
TubarÃ£o Branco,1
ViolaÃ§Ã£o,1
Portagens,1
Torres Novas,1
Vila de Rei,1
Orcas,1
UrgÃªncias,1
Angra do HeroÃ­smo,1
Cantanhede,1
Maputo,1
Coronavac,1
Instituto CamÃµes,1
Cancro do PulmÃ£o,1
Rede Aga Khan,1
GeÃ³rgia,1
Tartarugas,1
Tivoli Ecoresort,1
Ana Mendes Godinho,1
LÃ­bano,1
Cristina Marujo,1
MacapÃ¡,1
Metro de Lisboa,1
Lousada,1
ConfederaÃ§Ã£o de Agricultores de Portugal,1
FÃ¡tima Luz e Paz,1
ObstetrÃ­cia,1
Harvey Weinstein,1
Sobral de Monte AgraÃ§o,1
Alto TÃ¢mega,1
PenÃ­nsula IbÃ©rica,1
Universidade de Aveiro,1
Cardiologia,1
Felgueiras,1
D. AntÃ³nio Marto,1
Mirandela,1
Boticas,1
Iberdrola,1
EleiÃ§Ãµoes americanas,1
RepÃºblica DemocrÃ¡tica do Congo,1
Bairro Alto,1
Boeing 737 MAX,1
SÃ£o JoÃ£o,1
Faculdade de Engenharia da Universidade do Porto,1
Maria Helena Braga,1
Talhos,1
Grupo Luz SaÃºde,1
Miranda do Douro,1
Hospital SÃ£o SebastiÃ£o,1
Desemprego Juvenil,1
Berlim,1
Santa Maria da Feira,1
Ciganos,1
ValpaÃ§os,1
AntigÃ©nio,1
Volt Portugal,1
Peniche,1
Michigan,1
Derrocada,1
Universidade de Lisboa,1
Carlos Moedas,1
MigraÃ§Ã£o,1
Centro de ReabilitaÃ§Ã£o do Norte,1
Bernardo Santareno,1
Jornalismo,1
Zurique,1
FumaÃ§a,1
Macau,1
Vacina de Oxford,1
Economia,1
Joacine Moreira,1
Defesa,1
ResÃ­duos,1
Vladimir Putin,1
lixo,1
LaboratÃ³rios,1
Tribunal CÃ­vel de Lisboa,1
Capital Europeia da Cultura,1
alce branco,1
Ponte 25 de abril,1
Mercado AutomÃ³vel,1
Ilha Terceira,1
Autoridade TributÃ¡ria a Aduaneira,1
Vincent Reffet,1
Sardinha,1
Johnson & Johnson,1
Ãbola,1
Nancy Pelosi,1
LGBTI,1
Plano Municipal LGBTI+,1
Deco Proteste,1
Ministro da Defesa Nacional,1
ConfederaÃ§Ã£o do Turismo de Portugal,1
Ordem dos Advogados,1
Esclerose Lateral AmiotrÃ³fica,1
Alzheimer,1
MalÃ¡sia,1
Partido Trabalhista,1
Banco de portugal,1
MisericÃ³rdia de Sines,1
Ice Bucket Challenge,1
hidrogÃ©nio verde,1
AlfÃ¢ndegas,1
AdministraÃ§Ã£o da RegiÃ£o HidrogrÃ¡fica do Tejo e Oeste,1
movimento Protejo,1
Rio Tejo,1
Manuel Grilo,1
Felipe VI,1
Fortaleza de Sagres,1
ServiÃ§o Nacional de SaÃºde,1
PÃ³voa de Lanhoso,1
Pessoas-Animais-Natureza,1
Cristina Rodrigues,1
AdministraÃ§Ã£o Regional de SaÃºde do Norte,1
Trofa,1
Carlos Peixoto,1
Luz,1
ConferÃªncia de imprensa,1
Fisco,1
CUF,1
PCP/Congresso,1
Ar,1
Barbatanas de tubarÃ£o,1
FuncionÃ¡rios das escolas,1
FemicÃ­dios,1
OMAR,1
Hospital do EspÃ­rito Santo de Ãvora,1
Cardeal D. AntÃ³nio Marto,1
espetÃ¡culos,1
Vinogradov,1
OurÃ©m,1
GaviÃ£o,1
Cabo Carvoeiro,1
MÃ¡rio Ferreira,1
AssociaÃ§Ã£o Internacional de Transporte AÃ©reo,1
MÃ¡scaras reutilizÃ¡veis,1
Psicologia,1
Hospital de SÃ£o JoÃ£o,1
General Motors,1
AgressÃµes,1
Hospital Militar de Coimbra,1
ComissÃ£o de Programas Especiais de SeguranÃ§a,1
testemunhas,1
John McCain,1
Gulbenkian,1
Sindicato,1
Banguecoque,1
24 de novembro,1
Quarentena,1
Vogue,1
CÃ¢mara Portuguesa de ComÃ©rcio,1
Plateia - AssociaÃ§Ã£o de Profissionais das Artes CÃ©nicas,1
Janet Yellen,1
Harry Styles,1
Fiocruz,1
PS Madeira,1
Hortense Martins,1
Cashball,1
Jorge Silva Melo,1
Jens Stoltenberg,1
MisericÃ³rdia de Portalegre,1
Paredes,1
ConfederaÃ§Ã£o Empresarial de Portugal,1
Hospital de Santa Marta,1
IPO do Porto,1
JosÃ© LuÃ­s Ferreira,1
JosÃ© Vieira de Andrade,1
Fundo de EmergÃªncia Municipal,1
Longa Vida,1
Stadler Rail,1
Isabel dos Santos,1
Especialista,1
PaquistÃ£o,1
CÃ¢mara Municipal da Trofa,1
Newcastle,1
Chelsea,1
Premier League,1
Hospital das ForÃ§as Armadas,1
Marcos Perestrello,1
Ambiente e AÃ§Ã£o ClimÃ¡tica,1
ANTRAL,1
Elevate Leadership,1
Tiago BrandÃ£o Rodrigues,1
Casamento,1
Jovens,1
"""Leaving Neverland""",1
Maddie McCann,1
Christian B,1
Evereste,1
Marielle Franco,1
BBC,1
Princesa Diana,1
Martin Bashir,1
ConfederaÃ§Ã£o do ComÃ©rcio e ServiÃ§os de Portugal,1
Jackpot,1
APPImagem,1
Pompeia,1
Centro de Apoio a Deficientes Profundos JoÃ£o Paulo II,1
Manuel Clemente,1
BMW,1
Trabalho escravo,1
Escravatura,1
Departamento de InvestigaÃ§Ã£o e AÃ§Ã£o Penal,1
Arte,1
FundaÃ§Ã£o Calouste Gulbenkian,1
BMcar,1
Miguel Von Hafe PÃ©rez,1
Instituto da HabitaÃ§Ã£o e ReabilitaÃ§Ã£o Urbana,1
militares,1
Oxford,1
23 de novembro,1
CDU,1
Carros hÃ­bridos,1
Vila Praia de Ãncora,1
Jornada Mundial da Juventude 2023,1
violÃªncia sexual,1
Pedro Pinto,1
TVI,1
BTV,1
ServiÃ§os Prisionais,1
Dia Mundial da Prematuridade,1
Prematuridade,1
Minsk,1
Barak Obama,1
Take-away,1
Jornada Mundiais da Juventude,1
Burkina Faso,1
CÃ¡ritas Portuguesa,1
MÃ©dio Oriente,1
ERSE,1
Lech Poznan,1
Sindicato dos Pilotos da AviaÃ§Ã£o Civil,1
VMER,1
FLAD,1
Monte Everest,1
Paulo Rodrigues,1
Paulo Santos,1
AssociaÃ§Ã£o Sindical dos Profissionais da PolÃ­cia,1
MatemÃ¡tica,1
Margaret Keenan,1
John Lennon,1
Mark David Chapman,1
Alcanede,1
Conselho Nacional,1
Fome,1
Twitter,1
Black Lives Matter,1
Serpa,1
PolÃ­cia MarÃ­tima,1
STCP,1
"""Porto nÃ£o se Vende""",1
PrÃ©mio em BioÃ©tica JoÃ£o Lobo Antunes,1
EleiÃ§Ãµes presidenciais 2021,1
Coruche,1
Programa VoluntÃ¡rio de ReinstalaÃ§Ã£o do ACNUR,1
DiÃ¡rio de NotÃ­cias,1
Supremo Tribunal Federal,1
Ludovic Orban,1
Bicicletas,1
Moura,1
Herdade da Contenda,1
PrÃ©mio Nacional de Paisagem,1
Fundo de RecuperaÃ§Ã£o,1
Fumar,1
Douro Intencional,1
Hospital Santa Maria,1
atividades artÃ­sticas,1
Seca,1
Conselho Permanente da ConferÃªncia Episcopal Portuguesa,1
Sichuan,1
Recep Tayyip Erdogan.,1
Liga dos CampeÃµes,1
Istambul Basaksehir,1
Aeroporto Humberto Delgado,1
IvÃ¡n Duque,1
PrÃ©mio Nobel,1
AerÃ³dromo de Cascais,1
LuÃ­sa Sobral,1
Moonspell,1
festival Montepio Ãs Vezes O Amor,1
Retalho,1
Vimioso,1
SÃ©rgio ConceiÃ§Ã£o,1
Argoselo,1
Conselho para um Capitalismo Inclusivo,1
Vistos,1
EspaÃ§o Schengen,1
AssociaÃ§Ã£o de Promotores de EspetÃ¡culos,1
JoÃ£o Costa,1
Trends in International Mathematics and Science Study,1
Nuno Crato,1
secretÃ¡rio de estado da EducaÃ§Ã£o,1
Oxford/AstraZeneca,1
FDA,1
CaÃ§a,1
Mogadouro,1
FC Porto,1
Peter Singer,1
Hospital Francisco Zagalo,1
Ernesto AraÃºjo,1
Palmela,1
MÃºsica,1
Semba,1
FenÃ³menos do Semba,1
Jerusalema,1
Hayabusa2,1
Pedro Camacho,1
Robert Castel,1
Concelho,1
Bombeiros VoluntÃ¡rios de Ãvora,1
Hospital de SantarÃ©m,1
AzerbaijÃ£o,1
ArmÃ©nia,1
Nagorno-Karabakh,1
Nikol Pashinyan,1
Ovelha Saloia,1
Nobel,1
ARCOLSA,1
Lamego,1
AssociaÃ§Ã£o HumanitÃ¡ria dos Bombeiros de Lamego,1
AmÃ¡lia,1
5 de dezembro,1
Hospital Amadora-Sintra,1
Hospital Fernando Fonseca,1
Hospital Militar do Porto,1
JoÃ£o Pedro Matos Fernandes,1
Nicolas Schmit,1
Rio Tinto,1
FederaÃ§Ã£o AcadÃ©mica do Porto,1
Ana Gabriela Cabilhas,1
Barreiro,1
Pedro Costa Pereira,1
Vasco Barata,1
Luciana Fina,1
Museu Nacional de Arte ContemporÃ¢nea,1
Ernst,1
IVA,1
Santa Casa da MisericÃ³rdia,1
ANEM,1
JosÃ© Penedos,1
Botijas de gÃ¡s,1
CGTP,1
Sporting de Braga,1
I Liga,1
SLB,1
Cristina Branco,1
SÃ­ndrome de Havana,1
Atenas,1
LibÃ©ria,1
Acho Que Vais Gostar Disto,1
Breaking Bad,1
Manuel Heitor,1
Frankfurt,1
Montemor-o-Velho,1
TentÃºgal,1
Uruguai,1
TabarÃ© VÃ¡zquez,1
Francico,1
MoldÃ¡via,1
Manuel Sequeira Nobre,1
Nobre,1
6 de dezembro,1
Gouveia,1
JoÃ£o Pina,1
IDEA Internacional,1
Pedro Lima,1
Instituto PortuguÃªs do Mar e da Atmosfera,1
Hospital das Caldas da Rainha,1
SuÃ©cia,1
Vila Franca de Xira,1
FC Barcelona,1
Alverca,1
fibrose quÃ­stica,1
AssociaÃ§Ã£o Nacional de Fibrose QuÃ­stica,1
Kaftrio,1
Maria de BelÃ©m Roseira,1
Almeida Henriques,1
ArrÃ¡bida,1
Pedro Baganha,1
Joseph Safra,1
PS/AÃ§ores,1
Barcelona,1
Iniciativa legislativa,1
Nuclear,1
BP Target Neutral,1
Amnistia,1
CombustÃ­veis fÃ³sseis,1
IÃ©men,1
Amazon,1
Jornalistas,1
FederaÃ§Ã£o Internacional de Jornalista,1
AHRESP,1
Autoridade TributÃ¡ria e Aduaneira,1
Cabo Verde,1
vespa asiÃ¡tica,1
Harold Budd,1
AssociaÃ§Ã£o Nacional de Professores de InformÃ¡tica,1
Zona Franca,1
FinlÃ¢ndia,1
Galiza,1
Zoom,1
Kamala Harris,1
Boavista,1
EstaÃ§Ã£o,1
Sindicato Zona Sul,1
pobreza infantil,1
CalendÃ¡rio 2021,1
Rosine Sori-Coulibaly,1
Vacina Sanofi-GSK,1
DiÃ³xido de Carbono,1
Jimmy Lai,1
pequenas e mÃ©dias empresas,1
Micro,1
Telmo Correia,1
Educadores de infÃ¢ncia,1
Revista Time,1
Renan Bolsonaro,1
IACOBUS,1
Ivan Valente,1
VitÃ³ria de SetÃºbal,1
Marinha,1
propinas,1
Sociedade HistÃ³rica da IndependÃªncia de Portugal,1
Hotelaria,1
SertÃ£,1
VeterinÃ¡rios,1
Ordem dos MÃ©dicos VeterinÃ¡rios,1
Flores,1
Corvo,1
BraganÃ§a,1
Lar de Outeiro,1
JÃºlio Isidro,1
Paolo Rossi,1
Rui Moreira,1
CÃ¢mara Municipal do Porto,1
PatrÃ­cia de Melo Moreira,1
Obesidade Infantil,1
MisericÃ³rdia de Vila ViÃ§osa,1
Ordem dos Enfermeiros,1
GraÃ§a Fonseca,1
ComissÃ£o Parlamentar de Cultura,1
ciberataque,1
Manuel Barbosa,1
Juan GuaidÃ³,1
Duarte Marques,1
Conselho Nacional do CDS-PP,1
RevÃ³lveres,1
pistolas,1
Carlos SÃ£o Vicente,1
The Guardian,1
AgÃªncia Europeia do Ambiente,1
Salas de consumo assistido,1
Mar europeu,1
GrÃ¢ndola,1
Plano de AÃ§Ã£o Conjunto Global,1
Terras de Bouro,1
PatrimÃ³nio,1
Sindicato dos Trabalhadores da AviaÃ§Ã£o e Aeroportos,1
Michelle Bachelet,1
Serra da Estrela,1
Esqui,1
Fraude digital,1
UniÃ£o Africana,1
Estado Novo,1
Emirados Ãrabes Unidos,1
Sinopharm,1
Crise,1
Mercado de arroios,1
LuÃ­s Pacheco de Melo,1
AmÃ­lcar Morais Pires,1
Hunter Biden,1
EstratÃ©gia Nacional de Combate Ã  CorrupÃ§Ã£o,1
Santa Maria,1
MB WAY,1
Terrugem,1
desperdÃ­cio tÃªxtil,1
SalÃ¡rio MÃ­nimo Nacional,1
Pedro Henriques,1
NÃ©lio Lucas,1
CÃ¢mara de Lisboa,1
Pfizer-BioNtech,1
Doentes crÃ³nicos,1
AssociaÃ§Ãµes de Doentes,1
SÃ£o TomÃ© e PrÃ­ncipe,1
Mondim de Basto,1
OrÃ§amento Retificativo,1
Continente,1
Beiersdorf,1
Filipe Pinto-Ribeiro,1
Ludwig van Beethoven,1
DSCH Ensemble,1
cimeira,1
DireÃ§Ã£o-Geral das Artes,1
JoÃ£o Almeida,1
Amares,1
Ano novo,1
Zeinal Bava,1
PT,1
Henrique Granadeiro,1
Sines,1
Porto de Sines,1
Minas Gerais,1
PirenÃ©us,1
2020,1
A Palavra do Ano,1
Von der Leyen,1
Lewis Hamilton,1
Covid-19. FranÃ§a,1
PrÃ©mio Norte-Sul do Conselho da Europa 2019,1
Nabila Hamza,1
Leoluca Orlando,1
Terrorismo,1
MAI,1
audi,1
Dakar,1
desaparecimento,1
blogger,1
Esther Dingley,1
Palavra do ano,1
Movimento Cultural Terra de Miranda,1
Maternidade,1
Hospitais de Coimbra,1
Parque de Campismo da Caparica,1
FundaÃ§Ã£o La Caixa,1
Bolsas de investigaÃ§Ã£o,1
AssociaÃ§Ã£o AbraÃ§o,1
Duarte Pio,1
ViolÃªncia policial,1
Navio Gil Eannes,1
Pinturas Rupestres,1
EDP DistribuiÃ§Ã£o,1
Eurostat,1
Lewotolo,1
Porto Editora,1
Ex Aequo,1
Ana Abrunhosa,1
Carta de ConduÃ§Ã£o,1
David Sassoli,1
TSD/AÃ§ores,1
Praia da Luz,1
PÃ³voa de Varzim,1
praÃ§a de touros,1
NaÃ§Ãµes Unidas,1
Arqueologia,1
Museu Nacional de Arqueologia,1
Carregado,1
Europastry,1
Atropelamento,1
Nuno Vaz,1
Centro Social do Pego,1
Vacina da gripe,1
MOTA-ENGIL,1
PCP Madeira,1
Estrada,1
Machico,1
Zonas de EmissÃµes Reduzidas,1
Timor-Leste,1
AlijÃ³,1
Vilar de MaÃ§ada,1
Sem-abrigo,1
Largo de SÃ£o Domingos,1
Carne,1
laboratÃ³rio,1
Joshua Wong,1
Alexandra LeitÃ£o,1
Economia oceÃ¢nica,1
Rabo Peixe,1
Michelin,1
Alta gastronomia,1
Camboja,1
David Prowse,1
Alcains,1
NigÃ©ria,1
Eritreia,1
ComitÃ© EconÃ³mico e Social Europeu,1
Christa Schweng,1
Hospital de Ãvora,1
Jorge Cordeiro,1
Francisco Lopes,1
Sindicato dos Trabalhadores dos Transportes da Ãrea Metropolitana do Porto,1
VOST,1
VOST Portugal,1
Estamos ON,1
Guerra das Estrelas,1
Darth Vader,1
Entrevistas SAPO24,1
Cher,1
AndrÃ© Jordan,1
Petrogal,1
Falar PortuguÃªs,1
Protestos,1
JoÃ£o Oliveira,1
XXI Congresso PCP,1
Wuhan,1
Sitava,1
YouTube,1
BelÃ©m,1
Centro de Apoio do ExÃ©rcito em BelÃ©m,1
Michael Gove,1
Sindicato Nacional do Pessoal de Voo da AviaÃ§Ã£o Civil,1
Sandra Pereira,1
Os 230,1
Literacia polÃ­tica,1
Parque das NaÃ§Ãµes,1
Sesimbra,1
elefante,1
Kaavan,1
Hospital de Chaves,1
Acidentes,1
EutanÃ¡sia,1
Nova ZelÃ¢ndia,1
ErupÃ§Ã£o,1
White Island,1
BPP,1
Rendeiro,1
Agricultura,1
Naufragio,1
Ovelhas,1
Queen Hind,1
Fado,1
Greve de Fome,1
Scott Morrison,1
ComunicaÃ§Ãµes,1
DepressÃ£o Clement,1
CorrupÃ§Ã£o,1
Tribunal dos Direitos Humanos,1
Eduardo Paes,1
Bruno Covas,1
Autocarros,1
Madrid,1
Festas Nicolinas,1
Ponta Delgada,1
Ãrvore de Natal,1
Anthony Fauci,1
SalvarOturismo,1
Rede Expressos,1
Rui Portugal,1
Brucelose,1
Teresa Ribeiro,1
Moria,1
ComissÃ¡ria europeia dos Assuntos Internos,1
MinistÃ©rio da Defesa Nacional,1
Celorico de Basto,1
Fraser,1
Lacerda Sales,1
ValÃ©ry Giscard d'Estaing,1
Programa Nacional de HabitaÃ§Ã£o,1
MelgaÃ§o,1
Penafiel,1
CÃ¢mara de Aveiro,1
Nelas,1
CÃ¢mara de Vila Verde,1
WeChat,1
RosÃ¡rio Gamboa,1
Biblioteca e Arquivo da Santa SÃ©,1
Centro Hospitalar de Vila Nova de Gaia/Espinho,1
SEDES,1
Computadores,1
SÃ¡ Carneiro,1
ChÃ¡vez,1
AssociaÃ§Ã£o AcadÃ©mica de Coimbra,1
Trabalho,1
Emprego,1
Correios,1
PAN AÃ§ores,1
AÃ§aÃ­,1
Santa Comba DÃ£o,1
Museu Salazar,1
Centro europeu de doenÃ§as,1
Amianto,1
Mortalidade,1
Enxaqueca,1
REN,1
JoÃ£o ConceiÃ§Ã£o,1
Porto Moniz,1
Liga Portuguesa Contra o Cancro,1
Oncologia,1
Rio de Janeiro,1
cruz,1
Castro Daire,1
Dora,1
ViolÃªncia de GÃ©nero,1
Recorde,1
Diamantes,1
anel,1
livro do Guinness,1
Linha de Cascais,1
Linha de Sintra,1
Linha da Azambuja,1
Ativismo,1
Reforma do sistema prisional,1
injustiÃ§a sistÃ©mica,1
Creches gratuitas,1
Albufeira,1
Praia dos Arrifes,1
Vieira do Minho,1
Programa de RevitalizaÃ§Ã£o do Pinhal Interior,1
Universidades,1
AntÃ³nio de Sousa Pereira,1
Digital,1
Margrethe Vestager,1
AntÃ³nio Oliveira Salazar,1
Valbom,1
Hoteleiros,1
TalÃ­ria Petrone,1
ComunicaÃ§Ã£o Social,1
Dia Internacional das Pessoas com DeficiÃªncia,1
Ponte Luiz I,1
koala,1
IRS,1
Trabalhadores seniores,1
LuÃ­s Capoulas Santos,1
TÃ³quio,1
Shinzo Abe,1
Ana Sofia Antunes,1
Pessoas com deficiÃªncia,1
Huawei,1
NBA,1
Conselho Superior da Magistratura,1
Pesca,1
SÃ£o Cosme,1
Fundopesca,1
Estacionamento,1
Pornografia,1
Bullying,1
AdministraÃ§Ã£o Interna,1
Procuradora-Geral da RepÃºblica,1
Liga Europa,1
FMI,1
CMVM,1
Global Media,1
OperaÃ§Ã£o Ãter,1
JÃ³zsef SzÃ¡jer,1
Qatar,1
VÃ­tor Oliveira,1
AndrÃ© Macedo Fernandes,1
Natalidade,1
Discurso de Ã³dio,1
CoraÃ§Ã£o,1
Figueira da Foz,1
Mira,1
UE,1
LoulÃ©,1
IrmÃ£os Maristas,1
Torre dos ClÃ©rigos,1
AgÃªncia Espacial Europeia,1
Mastercard,1
Boeing,1
Amnistia Internacional,1
Ponte Eiffel,1
Ribeira Grande,1
CoronavÃ­us,1
OMS Europa,1
Faculdade de CiÃªncias da Universidade do Porto,1
Ãscar Felgueiras,1
Escola Nacional de SaÃºde PÃºblica,1
Pacto Europeu para o Clima,1
CrianÃ§as,1
CÃ³digo Penal,1
NOWO,1
Meo,1
Ligares,1
Paulo CafÃ´fo,1
Elefantes,1
NamÃ­bia,1
Bristol,1
Partidos polÃ­ticos,1
ResÃ­duos radioativos,1
Mar 2020,1
